,target,source,avg_trade_qtl
0,Andhra Pradesh,Andhra Pradesh,3693217.0416666665
1,Andaman & Nicobar Islands,Andhra Pradesh,0.0
2,Arunachal Pradesh,Andhra Pradesh,1575.0
3,Assam,Andhra Pradesh,392279.3333333333
4,Bihar,Andhra Pradesh,171476.66666666666
5,Chattisgarh,Andhra Pradesh,25802.825
6,Chandigarh,Andhra Pradesh,0.0
7,Daman & Diu,Andhra Pradesh,0.0
8,Delhi,Andhra Pradesh,13054.166666666666
9,Dadra & Nagar Haveli,Andhra Pradesh,0.0
10,Goa,Andhra Pradesh,0.0
11,Gujarat,Andhra Pradesh,29285.0
12,Himachal Pradesh,Andhra Pradesh,0.0
13,Haryana,Andhra Pradesh,221.0
14,Jharkhand,Andhra Pradesh,79084.83333333333
15,Jammu & Kashmir,Andhra Pradesh,1051.6666666666667
16,Kerala,Andhra Pradesh,8956280.666666666
17,Karnataka,Andhra Pradesh,4529505.416666667
18,Lakshadeep,Andhra Pradesh,0.0
19,Maharashtra,Andhra Pradesh,115347.05833333333
20,Meghalaya,Andhra Pradesh,0.0
21,Manipur,Andhra Pradesh,1430.0
22,Madhya Pradesh,Andhra Pradesh,0.0
23,Mizoram,Andhra Pradesh,4245.0
24,Nagaland,Andhra Pradesh,22265.916666666668
25,Odisha,Andhra Pradesh,0.0
26,Punjab,Andhra Pradesh,31953.25
27,Puducherry,Andhra Pradesh,0.0
28,Rajasthan,Andhra Pradesh,0.0
29,Sikkim,Andhra Pradesh,0.0
30,Telangana,Andhra Pradesh,0.0
31,Tamil Nadu,Andhra Pradesh,17109056.416666668
32,Tripura,Andhra Pradesh,8031.666666666667
33,Uttarakhand,Andhra Pradesh,0.0
34,Uttar Pradesh,Andhra Pradesh,4417.5
35,West Bengal,Andhra Pradesh,494786.0833333333
36,Andhra Pradesh,Andaman & Nicobar Islands,0.0
37,Andaman & Nicobar Islands,Andaman & Nicobar Islands,0.0
38,Arunachal Pradesh,Andaman & Nicobar Islands,0.0
39,Assam,Andaman & Nicobar Islands,0.0
40,Bihar,Andaman & Nicobar Islands,0.0
41,Chattisgarh,Andaman & Nicobar Islands,0.0
42,Chandigarh,Andaman & Nicobar Islands,0.0
43,Daman & Diu,Andaman & Nicobar Islands,0.0
44,Delhi,Andaman & Nicobar Islands,0.0
45,Dadra & Nagar Haveli,Andaman & Nicobar Islands,0.0
46,Goa,Andaman & Nicobar Islands,0.0
47,Gujarat,Andaman & Nicobar Islands,0.0
48,Himachal Pradesh,Andaman & Nicobar Islands,0.0
49,Haryana,Andaman & Nicobar Islands,0.0
50,Jharkhand,Andaman & Nicobar Islands,0.0
51,Jammu & Kashmir,Andaman & Nicobar Islands,0.0
52,Kerala,Andaman & Nicobar Islands,0.0
53,Karnataka,Andaman & Nicobar Islands,0.0
54,Lakshadeep,Andaman & Nicobar Islands,0.0
55,Maharashtra,Andaman & Nicobar Islands,0.0
56,Meghalaya,Andaman & Nicobar Islands,0.0
57,Manipur,Andaman & Nicobar Islands,0.0
58,Madhya Pradesh,Andaman & Nicobar Islands,0.0
59,Mizoram,Andaman & Nicobar Islands,0.0
60,Nagaland,Andaman & Nicobar Islands,0.0
61,Odisha,Andaman & Nicobar Islands,0.0
62,Punjab,Andaman & Nicobar Islands,0.0
63,Puducherry,Andaman & Nicobar Islands,0.0
64,Rajasthan,Andaman & Nicobar Islands,0.0
65,Sikkim,Andaman & Nicobar Islands,0.0
66,Telangana,Andaman & Nicobar Islands,0.0
67,Tamil Nadu,Andaman & Nicobar Islands,0.0
68,Tripura,Andaman & Nicobar Islands,0.0
69,Uttarakhand,Andaman & Nicobar Islands,0.0
70,Uttar Pradesh,Andaman & Nicobar Islands,0.0
71,West Bengal,Andaman & Nicobar Islands,0.0
72,Andhra Pradesh,Arunachal Pradesh,0.0
73,Andaman & Nicobar Islands,Arunachal Pradesh,0.0
74,Arunachal Pradesh,Arunachal Pradesh,0.0
75,Assam,Arunachal Pradesh,0.0
76,Bihar,Arunachal Pradesh,0.0
77,Chattisgarh,Arunachal Pradesh,0.0
78,Chandigarh,Arunachal Pradesh,0.0
79,Daman & Diu,Arunachal Pradesh,0.0
80,Delhi,Arunachal Pradesh,0.0
81,Dadra & Nagar Haveli,Arunachal Pradesh,0.0
82,Goa,Arunachal Pradesh,0.0
83,Gujarat,Arunachal Pradesh,0.0
84,Himachal Pradesh,Arunachal Pradesh,0.0
85,Haryana,Arunachal Pradesh,260.8333333333333
86,Jharkhand,Arunachal Pradesh,0.0
87,Jammu & Kashmir,Arunachal Pradesh,0.0
88,Kerala,Arunachal Pradesh,0.0
89,Karnataka,Arunachal Pradesh,0.0
90,Lakshadeep,Arunachal Pradesh,0.0
91,Maharashtra,Arunachal Pradesh,0.0
92,Meghalaya,Arunachal Pradesh,0.0
93,Manipur,Arunachal Pradesh,0.0
94,Madhya Pradesh,Arunachal Pradesh,0.0
95,Mizoram,Arunachal Pradesh,0.0
96,Nagaland,Arunachal Pradesh,0.0
97,Odisha,Arunachal Pradesh,0.0
98,Punjab,Arunachal Pradesh,805.75
99,Puducherry,Arunachal Pradesh,0.0
100,Rajasthan,Arunachal Pradesh,0.0
101,Sikkim,Arunachal Pradesh,0.0
102,Telangana,Arunachal Pradesh,0.0
103,Tamil Nadu,Arunachal Pradesh,0.0
104,Tripura,Arunachal Pradesh,0.0
105,Uttarakhand,Arunachal Pradesh,0.0
106,Uttar Pradesh,Arunachal Pradesh,0.0
107,West Bengal,Arunachal Pradesh,0.0
108,Andhra Pradesh,Assam,2194.741666666667
109,Andaman & Nicobar Islands,Assam,0.0
110,Arunachal Pradesh,Assam,0.0
111,Assam,Assam,0.0
112,Bihar,Assam,1297.4833333333333
113,Chattisgarh,Assam,653.625
114,Chandigarh,Assam,220.25
115,Daman & Diu,Assam,0.0
116,Delhi,Assam,2297.233333333333
117,Dadra & Nagar Haveli,Assam,0.0
118,Goa,Assam,0.0
119,Gujarat,Assam,0.0
120,Himachal Pradesh,Assam,0.0
121,Haryana,Assam,36075.166666666664
122,Jharkhand,Assam,0.0
123,Jammu & Kashmir,Assam,0.0
124,Kerala,Assam,0.0
125,Karnataka,Assam,208.54166666666666
126,Lakshadeep,Assam,0.0
127,Maharashtra,Assam,1082.3999999999999
128,Meghalaya,Assam,0.0
129,Manipur,Assam,253659.08333333334
130,Madhya Pradesh,Assam,0.0
131,Mizoram,Assam,25825.833333333332
132,Nagaland,Assam,44417.5
133,Odisha,Assam,0.0
134,Punjab,Assam,127460.625
135,Puducherry,Assam,0.0
136,Rajasthan,Assam,0.0
137,Sikkim,Assam,0.0
138,Telangana,Assam,441.25
139,Tamil Nadu,Assam,0.0
140,Tripura,Assam,1005419.5
141,Uttarakhand,Assam,884.25
142,Uttar Pradesh,Assam,6499.416666666667
143,West Bengal,Assam,2151.0
144,Andhra Pradesh,Bihar,5130.333333333333
145,Andaman & Nicobar Islands,Bihar,0.0
146,Arunachal Pradesh,Bihar,0.0
147,Assam,Bihar,15238.166666666666
148,Bihar,Bihar,387473.31666666665
149,Chattisgarh,Bihar,221.5
150,Chandigarh,Bihar,2163.3333333333335
151,Daman & Diu,Bihar,0.0
152,Delhi,Bihar,0.0
153,Dadra & Nagar Haveli,Bihar,0.0
154,Goa,Bihar,0.0
155,Gujarat,Bihar,0.0
156,Himachal Pradesh,Bihar,0.0
157,Haryana,Bihar,57167.583333333336
158,Jharkhand,Bihar,0.0
159,Jammu & Kashmir,Bihar,0.0
160,Kerala,Bihar,0.0
161,Karnataka,Bihar,0.0
162,Lakshadeep,Bihar,0.0
163,Maharashtra,Bihar,0.0
164,Meghalaya,Bihar,0.0
165,Manipur,Bihar,0.0
166,Madhya Pradesh,Bihar,0.0
167,Mizoram,Bihar,0.0
168,Nagaland,Bihar,0.0
169,Odisha,Bihar,0.0
170,Punjab,Bihar,163455.38333333333
171,Puducherry,Bihar,0.0
172,Rajasthan,Bihar,0.0
173,Sikkim,Bihar,0.0
174,Telangana,Bihar,0.0
175,Tamil Nadu,Bihar,240.75
176,Tripura,Bihar,8514.166666666666
177,Uttarakhand,Bihar,442.0
178,Uttar Pradesh,Bihar,3549.5
179,West Bengal,Bihar,12099.433333333334
180,Andhra Pradesh,Chattisgarh,6424855.916666667
181,Andaman & Nicobar Islands,Chattisgarh,0.0
182,Arunachal Pradesh,Chattisgarh,0.0
183,Assam,Chattisgarh,338101.1666666667
184,Bihar,Chattisgarh,3644678.3333333335
185,Chattisgarh,Chattisgarh,0.0
186,Chandigarh,Chattisgarh,4442.5
187,Daman & Diu,Chattisgarh,0.0
188,Delhi,Chattisgarh,8820.5
189,Dadra & Nagar Haveli,Chattisgarh,0.0
190,Goa,Chattisgarh,86374.33333333333
191,Gujarat,Chattisgarh,156901.66666666666
192,Himachal Pradesh,Chattisgarh,8634.166666666666
193,Haryana,Chattisgarh,16254.916666666666
194,Jharkhand,Chattisgarh,5897456.5
195,Jammu & Kashmir,Chattisgarh,21708.333333333332
196,Kerala,Chattisgarh,630839.5
197,Karnataka,Chattisgarh,1146844.4166666667
198,Lakshadeep,Chattisgarh,0.0
199,Maharashtra,Chattisgarh,3363066.8333333335
200,Meghalaya,Chattisgarh,0.0
201,Manipur,Chattisgarh,2154.1666666666665
202,Madhya Pradesh,Chattisgarh,243047.08333333334
203,Mizoram,Chattisgarh,2200.0
204,Nagaland,Chattisgarh,24085.666666666668
205,Odisha,Chattisgarh,24580.0
206,Punjab,Chattisgarh,54640.666666666664
207,Puducherry,Chattisgarh,0.0
208,Rajasthan,Chattisgarh,1275.0
209,Sikkim,Chattisgarh,0.0
210,Telangana,Chattisgarh,0.0
211,Tamil Nadu,Chattisgarh,4327139.0
212,Tripura,Chattisgarh,0.0
213,Uttarakhand,Chattisgarh,2292.5
214,Uttar Pradesh,Chattisgarh,6639.166666666667
215,West Bengal,Chattisgarh,1269617.0
216,Andhra Pradesh,Chandigarh,0.0
217,Andaman & Nicobar Islands,Chandigarh,0.0
218,Arunachal Pradesh,Chandigarh,0.0
219,Assam,Chandigarh,48350.833333333336
220,Bihar,Chandigarh,98988.33333333333
221,Chattisgarh,Chandigarh,0.0
222,Chandigarh,Chandigarh,0.0
223,Daman & Diu,Chandigarh,0.0
224,Delhi,Chandigarh,4420.0
225,Dadra & Nagar Haveli,Chandigarh,0.0
226,Goa,Chandigarh,0.0
227,Gujarat,Chandigarh,0.0
228,Himachal Pradesh,Chandigarh,0.0
229,Haryana,Chandigarh,0.0
230,Jharkhand,Chandigarh,0.0
231,Jammu & Kashmir,Chandigarh,10839.166666666666
232,Kerala,Chandigarh,2202.5
233,Karnataka,Chandigarh,47044.166666666664
234,Lakshadeep,Chandigarh,0.0
235,Maharashtra,Chandigarh,2202.5
236,Meghalaya,Chandigarh,0.0
237,Manipur,Chandigarh,0.0
238,Madhya Pradesh,Chandigarh,0.0
239,Mizoram,Chandigarh,0.0
240,Nagaland,Chandigarh,4412.5
241,Odisha,Chandigarh,0.0
242,Punjab,Chandigarh,0.0
243,Puducherry,Chandigarh,0.0
244,Rajasthan,Chandigarh,0.0
245,Sikkim,Chandigarh,0.0
246,Telangana,Chandigarh,0.0
247,Tamil Nadu,Chandigarh,8776.666666666666
248,Tripura,Chandigarh,0.0
249,Uttarakhand,Chandigarh,0.0
250,Uttar Pradesh,Chandigarh,16276.666666666666
251,West Bengal,Chandigarh,0.0
252,Andhra Pradesh,Daman & Diu,0.0
253,Andaman & Nicobar Islands,Daman & Diu,0.0
254,Arunachal Pradesh,Daman & Diu,0.0
255,Assam,Daman & Diu,0.0
256,Bihar,Daman & Diu,0.0
257,Chattisgarh,Daman & Diu,0.0
258,Chandigarh,Daman & Diu,0.0
259,Daman & Diu,Daman & Diu,0.0
260,Delhi,Daman & Diu,0.0
261,Dadra & Nagar Haveli,Daman & Diu,0.0
262,Goa,Daman & Diu,0.0
263,Gujarat,Daman & Diu,0.0
264,Himachal Pradesh,Daman & Diu,0.0
265,Haryana,Daman & Diu,0.0
266,Jharkhand,Daman & Diu,0.0
267,Jammu & Kashmir,Daman & Diu,0.0
268,Kerala,Daman & Diu,0.0
269,Karnataka,Daman & Diu,0.0
270,Lakshadeep,Daman & Diu,0.0
271,Maharashtra,Daman & Diu,0.0
272,Meghalaya,Daman & Diu,0.0
273,Manipur,Daman & Diu,0.0
274,Madhya Pradesh,Daman & Diu,0.0
275,Mizoram,Daman & Diu,0.0
276,Nagaland,Daman & Diu,0.0
277,Odisha,Daman & Diu,0.0
278,Punjab,Daman & Diu,0.0
279,Puducherry,Daman & Diu,0.0
280,Rajasthan,Daman & Diu,0.0
281,Sikkim,Daman & Diu,0.0
282,Telangana,Daman & Diu,0.0
283,Tamil Nadu,Daman & Diu,0.0
284,Tripura,Daman & Diu,0.0
285,Uttarakhand,Daman & Diu,0.0
286,Uttar Pradesh,Daman & Diu,0.0
287,West Bengal,Daman & Diu,0.0
288,Andhra Pradesh,Delhi,0.0
289,Andaman & Nicobar Islands,Delhi,0.0
290,Arunachal Pradesh,Delhi,0.0
291,Assam,Delhi,188098.0
292,Bihar,Delhi,0.0
293,Chattisgarh,Delhi,0.0
294,Chandigarh,Delhi,54274.166666666664
295,Daman & Diu,Delhi,0.0
296,Delhi,Delhi,0.0
297,Dadra & Nagar Haveli,Delhi,0.0
298,Goa,Delhi,0.0
299,Gujarat,Delhi,32245.0
300,Himachal Pradesh,Delhi,6695.833333333333
301,Haryana,Delhi,0.0
302,Jharkhand,Delhi,0.0
303,Jammu & Kashmir,Delhi,0.0
304,Kerala,Delhi,0.0
305,Karnataka,Delhi,0.0
306,Lakshadeep,Delhi,0.0
307,Maharashtra,Delhi,0.0
308,Meghalaya,Delhi,0.0
309,Manipur,Delhi,0.0
310,Madhya Pradesh,Delhi,0.0
311,Mizoram,Delhi,0.0
312,Nagaland,Delhi,17926.666666666668
313,Odisha,Delhi,0.0
314,Punjab,Delhi,0.0
315,Puducherry,Delhi,0.0
316,Rajasthan,Delhi,0.0
317,Sikkim,Delhi,0.0
318,Telangana,Delhi,0.0
319,Tamil Nadu,Delhi,0.0
320,Tripura,Delhi,9341.666666666666
321,Uttarakhand,Delhi,0.0
322,Uttar Pradesh,Delhi,0.0
323,West Bengal,Delhi,21913.333333333332
324,Andhra Pradesh,Dadra & Nagar Haveli,0.0
325,Andaman & Nicobar Islands,Dadra & Nagar Haveli,0.0
326,Arunachal Pradesh,Dadra & Nagar Haveli,0.0
327,Assam,Dadra & Nagar Haveli,0.0
328,Bihar,Dadra & Nagar Haveli,0.0
329,Chattisgarh,Dadra & Nagar Haveli,0.0
330,Chandigarh,Dadra & Nagar Haveli,0.0
331,Daman & Diu,Dadra & Nagar Haveli,0.0
332,Delhi,Dadra & Nagar Haveli,0.0
333,Dadra & Nagar Haveli,Dadra & Nagar Haveli,0.0
334,Goa,Dadra & Nagar Haveli,0.0
335,Gujarat,Dadra & Nagar Haveli,0.0
336,Himachal Pradesh,Dadra & Nagar Haveli,0.0
337,Haryana,Dadra & Nagar Haveli,0.0
338,Jharkhand,Dadra & Nagar Haveli,0.0
339,Jammu & Kashmir,Dadra & Nagar Haveli,0.0
340,Kerala,Dadra & Nagar Haveli,0.0
341,Karnataka,Dadra & Nagar Haveli,0.0
342,Lakshadeep,Dadra & Nagar Haveli,0.0
343,Maharashtra,Dadra & Nagar Haveli,0.0
344,Meghalaya,Dadra & Nagar Haveli,0.0
345,Manipur,Dadra & Nagar Haveli,0.0
346,Madhya Pradesh,Dadra & Nagar Haveli,0.0
347,Mizoram,Dadra & Nagar Haveli,0.0
348,Nagaland,Dadra & Nagar Haveli,0.0
349,Odisha,Dadra & Nagar Haveli,0.0
350,Punjab,Dadra & Nagar Haveli,0.0
351,Puducherry,Dadra & Nagar Haveli,0.0
352,Rajasthan,Dadra & Nagar Haveli,0.0
353,Sikkim,Dadra & Nagar Haveli,0.0
354,Telangana,Dadra & Nagar Haveli,0.0
355,Tamil Nadu,Dadra & Nagar Haveli,0.0
356,Tripura,Dadra & Nagar Haveli,0.0
357,Uttarakhand,Dadra & Nagar Haveli,0.0
358,Uttar Pradesh,Dadra & Nagar Haveli,0.0
359,West Bengal,Dadra & Nagar Haveli,0.0
360,Andhra Pradesh,Goa,0.0
361,Andaman & Nicobar Islands,Goa,0.0
362,Arunachal Pradesh,Goa,0.0
363,Assam,Goa,0.0
364,Bihar,Goa,0.0
365,Chattisgarh,Goa,0.0
366,Chandigarh,Goa,0.0
367,Daman & Diu,Goa,0.0
368,Delhi,Goa,0.0
369,Dadra & Nagar Haveli,Goa,0.0
370,Goa,Goa,0.0
371,Gujarat,Goa,0.0
372,Himachal Pradesh,Goa,0.0
373,Haryana,Goa,0.0
374,Jharkhand,Goa,0.0
375,Jammu & Kashmir,Goa,0.0
376,Kerala,Goa,2215.0
377,Karnataka,Goa,0.0
378,Lakshadeep,Goa,0.0
379,Maharashtra,Goa,4400.833333333333
380,Meghalaya,Goa,0.0
381,Manipur,Goa,0.0
382,Madhya Pradesh,Goa,0.0
383,Mizoram,Goa,0.0
384,Nagaland,Goa,0.0
385,Odisha,Goa,0.0
386,Punjab,Goa,4528.833333333333
387,Puducherry,Goa,0.0
388,Rajasthan,Goa,0.0
389,Sikkim,Goa,0.0
390,Telangana,Goa,0.0
391,Tamil Nadu,Goa,0.0
392,Tripura,Goa,0.0
393,Uttarakhand,Goa,0.0
394,Uttar Pradesh,Goa,0.0
395,West Bengal,Goa,0.0
396,Andhra Pradesh,Gujarat,0.0
397,Andaman & Nicobar Islands,Gujarat,0.0
398,Arunachal Pradesh,Gujarat,0.0
399,Assam,Gujarat,0.0
400,Bihar,Gujarat,49.25
401,Chattisgarh,Gujarat,0.0
402,Chandigarh,Gujarat,0.0
403,Daman & Diu,Gujarat,0.0
404,Delhi,Gujarat,0.0
405,Dadra & Nagar Haveli,Gujarat,0.0
406,Goa,Gujarat,0.0
407,Gujarat,Gujarat,27659.583333333332
408,Himachal Pradesh,Gujarat,0.0
409,Haryana,Gujarat,5067.083333333333
410,Jharkhand,Gujarat,0.0
411,Jammu & Kashmir,Gujarat,0.0
412,Kerala,Gujarat,0.0
413,Karnataka,Gujarat,0.0
414,Lakshadeep,Gujarat,0.0
415,Maharashtra,Gujarat,0.0
416,Meghalaya,Gujarat,0.0
417,Manipur,Gujarat,0.0
418,Madhya Pradesh,Gujarat,0.0
419,Mizoram,Gujarat,0.0
420,Nagaland,Gujarat,0.0
421,Odisha,Gujarat,0.0
422,Punjab,Gujarat,46968.4
423,Puducherry,Gujarat,0.0
424,Rajasthan,Gujarat,0.0
425,Sikkim,Gujarat,0.0
426,Telangana,Gujarat,0.0
427,Tamil Nadu,Gujarat,0.0
428,Tripura,Gujarat,0.0
429,Uttarakhand,Gujarat,0.0
430,Uttar Pradesh,Gujarat,857.3333333333334
431,West Bengal,Gujarat,0.0
432,Andhra Pradesh,Himachal Pradesh,0.0
433,Andaman & Nicobar Islands,Himachal Pradesh,0.0
434,Arunachal Pradesh,Himachal Pradesh,0.0
435,Assam,Himachal Pradesh,0.0
436,Bihar,Himachal Pradesh,0.0
437,Chattisgarh,Himachal Pradesh,0.0
438,Chandigarh,Himachal Pradesh,0.0
439,Daman & Diu,Himachal Pradesh,0.0
440,Delhi,Himachal Pradesh,0.0
441,Dadra & Nagar Haveli,Himachal Pradesh,0.0
442,Goa,Himachal Pradesh,0.0
443,Gujarat,Himachal Pradesh,0.0
444,Himachal Pradesh,Himachal Pradesh,0.0
445,Haryana,Himachal Pradesh,0.0
446,Jharkhand,Himachal Pradesh,0.0
447,Jammu & Kashmir,Himachal Pradesh,0.0
448,Kerala,Himachal Pradesh,0.0
449,Karnataka,Himachal Pradesh,0.0
450,Lakshadeep,Himachal Pradesh,0.0
451,Maharashtra,Himachal Pradesh,0.0
452,Meghalaya,Himachal Pradesh,0.0
453,Manipur,Himachal Pradesh,0.0
454,Madhya Pradesh,Himachal Pradesh,0.0
455,Mizoram,Himachal Pradesh,0.0
456,Nagaland,Himachal Pradesh,0.0
457,Odisha,Himachal Pradesh,0.0
458,Punjab,Himachal Pradesh,0.0
459,Puducherry,Himachal Pradesh,0.0
460,Rajasthan,Himachal Pradesh,0.0
461,Sikkim,Himachal Pradesh,0.0
462,Telangana,Himachal Pradesh,0.0
463,Tamil Nadu,Himachal Pradesh,0.0
464,Tripura,Himachal Pradesh,0.0
465,Uttarakhand,Himachal Pradesh,0.0
466,Uttar Pradesh,Himachal Pradesh,0.0
467,West Bengal,Himachal Pradesh,0.0
468,Andhra Pradesh,Haryana,0.0
469,Andaman & Nicobar Islands,Haryana,0.0
470,Arunachal Pradesh,Haryana,8387.5
471,Assam,Haryana,3229710.0
472,Bihar,Haryana,3240876.5
473,Chattisgarh,Haryana,0.0
474,Chandigarh,Haryana,319520.0
475,Daman & Diu,Haryana,0.0
476,Delhi,Haryana,82128.33333333333
477,Dadra & Nagar Haveli,Haryana,0.0
478,Goa,Haryana,93316.66666666667
479,Gujarat,Haryana,898581.4166666666
480,Himachal Pradesh,Haryana,30578.333333333332
481,Haryana,Haryana,0.0
482,Jharkhand,Haryana,22824.166666666668
483,Jammu & Kashmir,Haryana,165255.83333333334
484,Kerala,Haryana,327290.0
485,Karnataka,Haryana,3796134.3333333335
486,Lakshadeep,Haryana,0.0
487,Maharashtra,Haryana,3987184.6666666665
488,Meghalaya,Haryana,1498.3333333333333
489,Manipur,Haryana,59469.166666666664
490,Madhya Pradesh,Haryana,81562.91666666667
491,Mizoram,Haryana,53087.5
492,Nagaland,Haryana,279689.1666666667
493,Odisha,Haryana,29274.166666666668
494,Punjab,Haryana,0.0
495,Puducherry,Haryana,0.0
496,Rajasthan,Haryana,36212.0
497,Sikkim,Haryana,0.0
498,Telangana,Haryana,0.0
499,Tamil Nadu,Haryana,1194803.0
500,Tripura,Haryana,335356.6666666667
501,Uttarakhand,Haryana,2215.0
502,Uttar Pradesh,Haryana,3371655.8333333335
503,West Bengal,Haryana,273025.8333333333
504,Andhra Pradesh,Jharkhand,53133.833333333336
505,Andaman & Nicobar Islands,Jharkhand,0.0
506,Arunachal Pradesh,Jharkhand,0.0
507,Assam,Jharkhand,0.0
508,Bihar,Jharkhand,2215.0
509,Chattisgarh,Jharkhand,43321.21666666667
510,Chandigarh,Jharkhand,0.0
511,Daman & Diu,Jharkhand,0.0
512,Delhi,Jharkhand,0.0
513,Dadra & Nagar Haveli,Jharkhand,0.0
514,Goa,Jharkhand,0.0
515,Gujarat,Jharkhand,0.0
516,Himachal Pradesh,Jharkhand,0.0
517,Haryana,Jharkhand,213.75
518,Jharkhand,Jharkhand,0.0
519,Jammu & Kashmir,Jharkhand,0.0
520,Kerala,Jharkhand,0.0
521,Karnataka,Jharkhand,0.0
522,Lakshadeep,Jharkhand,0.0
523,Maharashtra,Jharkhand,0.0
524,Meghalaya,Jharkhand,0.0
525,Manipur,Jharkhand,0.0
526,Madhya Pradesh,Jharkhand,0.0
527,Mizoram,Jharkhand,0.0
528,Nagaland,Jharkhand,0.0
529,Odisha,Jharkhand,72162.74166666667
530,Punjab,Jharkhand,824.6666666666666
531,Puducherry,Jharkhand,0.0
532,Rajasthan,Jharkhand,0.0
533,Sikkim,Jharkhand,0.0
534,Telangana,Jharkhand,0.0
535,Tamil Nadu,Jharkhand,0.0
536,Tripura,Jharkhand,0.0
537,Uttarakhand,Jharkhand,0.0
538,Uttar Pradesh,Jharkhand,0.0
539,West Bengal,Jharkhand,0.0
540,Andhra Pradesh,Jammu & Kashmir,0.0
541,Andaman & Nicobar Islands,Jammu & Kashmir,0.0
542,Arunachal Pradesh,Jammu & Kashmir,0.0
543,Assam,Jammu & Kashmir,0.0
544,Bihar,Jammu & Kashmir,0.0
545,Chattisgarh,Jammu & Kashmir,0.0
546,Chandigarh,Jammu & Kashmir,0.0
547,Daman & Diu,Jammu & Kashmir,0.0
548,Delhi,Jammu & Kashmir,0.0
549,Dadra & Nagar Haveli,Jammu & Kashmir,0.0
550,Goa,Jammu & Kashmir,0.0
551,Gujarat,Jammu & Kashmir,0.0
552,Himachal Pradesh,Jammu & Kashmir,0.0
553,Haryana,Jammu & Kashmir,1482.8333333333333
554,Jharkhand,Jammu & Kashmir,0.0
555,Jammu & Kashmir,Jammu & Kashmir,0.0
556,Kerala,Jammu & Kashmir,0.0
557,Karnataka,Jammu & Kashmir,0.0
558,Lakshadeep,Jammu & Kashmir,0.0
559,Maharashtra,Jammu & Kashmir,0.0
560,Meghalaya,Jammu & Kashmir,0.0
561,Manipur,Jammu & Kashmir,0.0
562,Madhya Pradesh,Jammu & Kashmir,0.0
563,Mizoram,Jammu & Kashmir,0.0
564,Nagaland,Jammu & Kashmir,0.0
565,Odisha,Jammu & Kashmir,0.0
566,Punjab,Jammu & Kashmir,32392.36666666667
567,Puducherry,Jammu & Kashmir,0.0
568,Rajasthan,Jammu & Kashmir,0.0
569,Sikkim,Jammu & Kashmir,0.0
570,Telangana,Jammu & Kashmir,0.0
571,Tamil Nadu,Jammu & Kashmir,0.0
572,Tripura,Jammu & Kashmir,0.0
573,Uttarakhand,Jammu & Kashmir,0.0
574,Uttar Pradesh,Jammu & Kashmir,0.0
575,West Bengal,Jammu & Kashmir,0.0
576,Andhra Pradesh,Kerala,12873.949999999999
577,Andaman & Nicobar Islands,Kerala,0.0
578,Arunachal Pradesh,Kerala,0.0
579,Assam,Kerala,0.0
580,Bihar,Kerala,0.0
581,Chattisgarh,Kerala,3066.0
582,Chandigarh,Kerala,0.0
583,Daman & Diu,Kerala,0.0
584,Delhi,Kerala,0.0
585,Dadra & Nagar Haveli,Kerala,0.0
586,Goa,Kerala,0.0
587,Gujarat,Kerala,0.0
588,Himachal Pradesh,Kerala,0.0
589,Haryana,Kerala,4028.4166666666665
590,Jharkhand,Kerala,0.0
591,Jammu & Kashmir,Kerala,0.0
592,Kerala,Kerala,175117.5
593,Karnataka,Kerala,2207.5
594,Lakshadeep,Kerala,0.0
595,Maharashtra,Kerala,0.0
596,Meghalaya,Kerala,0.0
597,Manipur,Kerala,0.0
598,Madhya Pradesh,Kerala,0.0
599,Mizoram,Kerala,0.0
600,Nagaland,Kerala,0.0
601,Odisha,Kerala,0.0
602,Punjab,Kerala,7690.5
603,Puducherry,Kerala,0.0
604,Rajasthan,Kerala,0.0
605,Sikkim,Kerala,0.0
606,Telangana,Kerala,58171.98333333334
607,Tamil Nadu,Kerala,713125.8333333334
608,Tripura,Kerala,0.0
609,Uttarakhand,Kerala,0.0
610,Uttar Pradesh,Kerala,0.0
611,West Bengal,Kerala,0.0
612,Andhra Pradesh,Karnataka,58454.73333333334
613,Andaman & Nicobar Islands,Karnataka,0.0
614,Arunachal Pradesh,Karnataka,0.0
615,Assam,Karnataka,2164.1666666666665
616,Bihar,Karnataka,0.0
617,Chattisgarh,Karnataka,0.0
618,Chandigarh,Karnataka,0.0
619,Daman & Diu,Karnataka,0.0
620,Delhi,Karnataka,0.0
621,Dadra & Nagar Haveli,Karnataka,0.0
622,Goa,Karnataka,0.0
623,Gujarat,Karnataka,0.0
624,Himachal Pradesh,Karnataka,0.0
625,Haryana,Karnataka,53154.75
626,Jharkhand,Karnataka,0.0
627,Jammu & Kashmir,Karnataka,0.0
628,Kerala,Karnataka,2212.5
629,Karnataka,Karnataka,80190.83333333333
630,Lakshadeep,Karnataka,0.0
631,Maharashtra,Karnataka,2176.6666666666665
632,Meghalaya,Karnataka,0.0
633,Manipur,Karnataka,0.0
634,Madhya Pradesh,Karnataka,0.0
635,Mizoram,Karnataka,0.0
636,Nagaland,Karnataka,0.0
637,Odisha,Karnataka,4803.974999999999
638,Punjab,Karnataka,186457.16666666666
639,Puducherry,Karnataka,0.0
640,Rajasthan,Karnataka,0.0
641,Sikkim,Karnataka,0.0
642,Telangana,Karnataka,5114.333333333333
643,Tamil Nadu,Karnataka,12584.166666666666
644,Tripura,Karnataka,0.0
645,Uttarakhand,Karnataka,0.0
646,Uttar Pradesh,Karnataka,0.0
647,West Bengal,Karnataka,0.0
648,Andhra Pradesh,Lakshadeep,0.0
649,Andaman & Nicobar Islands,Lakshadeep,0.0
650,Arunachal Pradesh,Lakshadeep,0.0
651,Assam,Lakshadeep,0.0
652,Bihar,Lakshadeep,0.0
653,Chattisgarh,Lakshadeep,0.0
654,Chandigarh,Lakshadeep,0.0
655,Daman & Diu,Lakshadeep,0.0
656,Delhi,Lakshadeep,0.0
657,Dadra & Nagar Haveli,Lakshadeep,0.0
658,Goa,Lakshadeep,0.0
659,Gujarat,Lakshadeep,0.0
660,Himachal Pradesh,Lakshadeep,0.0
661,Haryana,Lakshadeep,0.0
662,Jharkhand,Lakshadeep,0.0
663,Jammu & Kashmir,Lakshadeep,0.0
664,Kerala,Lakshadeep,0.0
665,Karnataka,Lakshadeep,0.0
666,Lakshadeep,Lakshadeep,0.0
667,Maharashtra,Lakshadeep,0.0
668,Meghalaya,Lakshadeep,0.0
669,Manipur,Lakshadeep,0.0
670,Madhya Pradesh,Lakshadeep,0.0
671,Mizoram,Lakshadeep,0.0
672,Nagaland,Lakshadeep,0.0
673,Odisha,Lakshadeep,0.0
674,Punjab,Lakshadeep,0.0
675,Puducherry,Lakshadeep,0.0
676,Rajasthan,Lakshadeep,0.0
677,Sikkim,Lakshadeep,0.0
678,Telangana,Lakshadeep,0.0
679,Tamil Nadu,Lakshadeep,0.0
680,Tripura,Lakshadeep,0.0
681,Uttarakhand,Lakshadeep,0.0
682,Uttar Pradesh,Lakshadeep,0.0
683,West Bengal,Lakshadeep,0.0
684,Andhra Pradesh,Maharashtra,647123.6666666666
685,Andaman & Nicobar Islands,Maharashtra,0.0
686,Arunachal Pradesh,Maharashtra,0.0
687,Assam,Maharashtra,110657.25
688,Bihar,Maharashtra,0.0
689,Chattisgarh,Maharashtra,0.0
690,Chandigarh,Maharashtra,4349.166666666667
691,Daman & Diu,Maharashtra,0.0
692,Delhi,Maharashtra,0.0
693,Dadra & Nagar Haveli,Maharashtra,0.0
694,Goa,Maharashtra,14702.5
695,Gujarat,Maharashtra,29323.666666666668
696,Himachal Pradesh,Maharashtra,0.0
697,Haryana,Maharashtra,40039.916666666664
698,Jharkhand,Maharashtra,17345.0
699,Jammu & Kashmir,Maharashtra,0.0
700,Kerala,Maharashtra,41247.5
701,Karnataka,Maharashtra,7136.666666666667
702,Lakshadeep,Maharashtra,0.0
703,Maharashtra,Maharashtra,43042.583333333336
704,Meghalaya,Maharashtra,0.0
705,Manipur,Maharashtra,0.0
706,Madhya Pradesh,Maharashtra,2170.0
707,Mizoram,Maharashtra,0.0
708,Nagaland,Maharashtra,1093.3333333333333
709,Odisha,Maharashtra,0.0
710,Punjab,Maharashtra,107777.05833333333
711,Puducherry,Maharashtra,0.0
712,Rajasthan,Maharashtra,0.0
713,Sikkim,Maharashtra,0.0
714,Telangana,Maharashtra,0.0
715,Tamil Nadu,Maharashtra,7254.666666666667
716,Tripura,Maharashtra,0.0
717,Uttarakhand,Maharashtra,0.0
718,Uttar Pradesh,Maharashtra,875.5
719,West Bengal,Maharashtra,30564.166666666668
720,Andhra Pradesh,Meghalaya,0.0
721,Andaman & Nicobar Islands,Meghalaya,0.0
722,Arunachal Pradesh,Meghalaya,0.0
723,Assam,Meghalaya,0.0
724,Bihar,Meghalaya,0.0
725,Chattisgarh,Meghalaya,0.0
726,Chandigarh,Meghalaya,0.0
727,Daman & Diu,Meghalaya,0.0
728,Delhi,Meghalaya,0.0
729,Dadra & Nagar Haveli,Meghalaya,0.0
730,Goa,Meghalaya,0.0
731,Gujarat,Meghalaya,0.0
732,Himachal Pradesh,Meghalaya,0.0
733,Haryana,Meghalaya,0.0
734,Jharkhand,Meghalaya,0.0
735,Jammu & Kashmir,Meghalaya,0.0
736,Kerala,Meghalaya,0.0
737,Karnataka,Meghalaya,0.0
738,Lakshadeep,Meghalaya,0.0
739,Maharashtra,Meghalaya,0.0
740,Meghalaya,Meghalaya,0.0
741,Manipur,Meghalaya,0.0
742,Madhya Pradesh,Meghalaya,0.0
743,Mizoram,Meghalaya,0.0
744,Nagaland,Meghalaya,0.0
745,Odisha,Meghalaya,0.0
746,Punjab,Meghalaya,0.0
747,Puducherry,Meghalaya,0.0
748,Rajasthan,Meghalaya,0.0
749,Sikkim,Meghalaya,0.0
750,Telangana,Meghalaya,0.0
751,Tamil Nadu,Meghalaya,0.0
752,Tripura,Meghalaya,0.0
753,Uttarakhand,Meghalaya,0.0
754,Uttar Pradesh,Meghalaya,0.0
755,West Bengal,Meghalaya,0.0
756,Andhra Pradesh,Manipur,0.0
757,Andaman & Nicobar Islands,Manipur,0.0
758,Arunachal Pradesh,Manipur,0.0
759,Assam,Manipur,2945.0
760,Bihar,Manipur,0.0
761,Chattisgarh,Manipur,0.0
762,Chandigarh,Manipur,0.0
763,Daman & Diu,Manipur,0.0
764,Delhi,Manipur,0.0
765,Dadra & Nagar Haveli,Manipur,0.0
766,Goa,Manipur,0.0
767,Gujarat,Manipur,0.0
768,Himachal Pradesh,Manipur,0.0
769,Haryana,Manipur,1525.9166666666667
770,Jharkhand,Manipur,0.0
771,Jammu & Kashmir,Manipur,0.0
772,Kerala,Manipur,0.0
773,Karnataka,Manipur,0.0
774,Lakshadeep,Manipur,0.0
775,Maharashtra,Manipur,0.0
776,Meghalaya,Manipur,0.0
777,Manipur,Manipur,0.0
778,Madhya Pradesh,Manipur,0.0
779,Mizoram,Manipur,0.0
780,Nagaland,Manipur,0.0
781,Odisha,Manipur,0.0
782,Punjab,Manipur,6607.083333333333
783,Puducherry,Manipur,0.0
784,Rajasthan,Manipur,0.0
785,Sikkim,Manipur,0.0
786,Telangana,Manipur,0.0
787,Tamil Nadu,Manipur,0.0
788,Tripura,Manipur,0.0
789,Uttarakhand,Manipur,0.0
790,Uttar Pradesh,Manipur,0.0
791,West Bengal,Manipur,0.0
792,Andhra Pradesh,Madhya Pradesh,11069.916666666666
793,Andaman & Nicobar Islands,Madhya Pradesh,0.0
794,Arunachal Pradesh,Madhya Pradesh,0.0
795,Assam,Madhya Pradesh,5984.916666666667
796,Bihar,Madhya Pradesh,8472.916666666666
797,Chattisgarh,Madhya Pradesh,299.6666666666667
798,Chandigarh,Madhya Pradesh,0.0
799,Daman & Diu,Madhya Pradesh,0.0
800,Delhi,Madhya Pradesh,1056.6666666666667
801,Dadra & Nagar Haveli,Madhya Pradesh,0.0
802,Goa,Madhya Pradesh,2207.5
803,Gujarat,Madhya Pradesh,11078.333333333334
804,Himachal Pradesh,Madhya Pradesh,0.0
805,Haryana,Madhya Pradesh,442.25
806,Jharkhand,Madhya Pradesh,0.0
807,Jammu & Kashmir,Madhya Pradesh,0.0
808,Kerala,Madhya Pradesh,19975.0
809,Karnataka,Madhya Pradesh,40332.5
810,Lakshadeep,Madhya Pradesh,0.0
811,Maharashtra,Madhya Pradesh,238371.91666666666
812,Meghalaya,Madhya Pradesh,0.0
813,Manipur,Madhya Pradesh,0.0
814,Madhya Pradesh,Madhya Pradesh,770790.9916666667
815,Mizoram,Madhya Pradesh,0.0
816,Nagaland,Madhya Pradesh,0.0
817,Odisha,Madhya Pradesh,0.0
818,Punjab,Madhya Pradesh,25150.0
819,Puducherry,Madhya Pradesh,0.0
820,Rajasthan,Madhya Pradesh,0.0
821,Sikkim,Madhya Pradesh,0.0
822,Telangana,Madhya Pradesh,0.0
823,Tamil Nadu,Madhya Pradesh,11209.166666666666
824,Tripura,Madhya Pradesh,0.0
825,Uttarakhand,Madhya Pradesh,0.0
826,Uttar Pradesh,Madhya Pradesh,889900.0
827,West Bengal,Madhya Pradesh,2305.8333333333335
828,Andhra Pradesh,Mizoram,0.0
829,Andaman & Nicobar Islands,Mizoram,0.0
830,Arunachal Pradesh,Mizoram,0.0
831,Assam,Mizoram,0.0
832,Bihar,Mizoram,0.0
833,Chattisgarh,Mizoram,0.0
834,Chandigarh,Mizoram,0.0
835,Daman & Diu,Mizoram,0.0
836,Delhi,Mizoram,0.0
837,Dadra & Nagar Haveli,Mizoram,0.0
838,Goa,Mizoram,0.0
839,Gujarat,Mizoram,0.0
840,Himachal Pradesh,Mizoram,0.0
841,Haryana,Mizoram,1230.5
842,Jharkhand,Mizoram,0.0
843,Jammu & Kashmir,Mizoram,0.0
844,Kerala,Mizoram,0.0
845,Karnataka,Mizoram,0.0
846,Lakshadeep,Mizoram,0.0
847,Maharashtra,Mizoram,0.0
848,Meghalaya,Mizoram,0.0
849,Manipur,Mizoram,0.0
850,Madhya Pradesh,Mizoram,0.0
851,Mizoram,Mizoram,0.0
852,Nagaland,Mizoram,0.0
853,Odisha,Mizoram,0.0
854,Punjab,Mizoram,5760.416666666667
855,Puducherry,Mizoram,0.0
856,Rajasthan,Mizoram,0.0
857,Sikkim,Mizoram,0.0
858,Telangana,Mizoram,0.0
859,Tamil Nadu,Mizoram,0.0
860,Tripura,Mizoram,0.0
861,Uttarakhand,Mizoram,0.0
862,Uttar Pradesh,Mizoram,0.0
863,West Bengal,Mizoram,0.0
864,Andhra Pradesh,Nagaland,1093.8333333333333
865,Andaman & Nicobar Islands,Nagaland,0.0
866,Arunachal Pradesh,Nagaland,0.0
867,Assam,Nagaland,36769.5
868,Bihar,Nagaland,266991.5
869,Chattisgarh,Nagaland,0.0
870,Chandigarh,Nagaland,0.0
871,Daman & Diu,Nagaland,0.0
872,Delhi,Nagaland,361.80833333333334
873,Dadra & Nagar Haveli,Nagaland,0.0
874,Goa,Nagaland,0.0
875,Gujarat,Nagaland,0.0
876,Himachal Pradesh,Nagaland,11048.166666666666
877,Haryana,Nagaland,6123.0
878,Jharkhand,Nagaland,394397.6666666667
879,Jammu & Kashmir,Nagaland,0.0
880,Kerala,Nagaland,0.0
881,Karnataka,Nagaland,10903.0
882,Lakshadeep,Nagaland,0.0
883,Maharashtra,Nagaland,0.0
884,Meghalaya,Nagaland,0.0
885,Manipur,Nagaland,0.0
886,Madhya Pradesh,Nagaland,0.0
887,Mizoram,Nagaland,0.0
888,Nagaland,Nagaland,0.0
889,Odisha,Nagaland,0.0
890,Punjab,Nagaland,10775.633333333333
891,Puducherry,Nagaland,0.0
892,Rajasthan,Nagaland,0.0
893,Sikkim,Nagaland,0.0
894,Telangana,Nagaland,441.5
895,Tamil Nadu,Nagaland,63600.0
896,Tripura,Nagaland,0.0
897,Uttarakhand,Nagaland,445.0
898,Uttar Pradesh,Nagaland,885.25
899,West Bengal,Nagaland,91655.41666666667
900,Andhra Pradesh,Odisha,2215.0
901,Andaman & Nicobar Islands,Odisha,0.0
902,Arunachal Pradesh,Odisha,0.0
903,Assam,Odisha,9641.666666666666
904,Bihar,Odisha,922420.9166666666
905,Chattisgarh,Odisha,0.0
906,Chandigarh,Odisha,0.0
907,Daman & Diu,Odisha,0.0
908,Delhi,Odisha,0.0
909,Dadra & Nagar Haveli,Odisha,0.0
910,Goa,Odisha,0.0
911,Gujarat,Odisha,0.0
912,Himachal Pradesh,Odisha,17605.833333333332
913,Haryana,Odisha,0.0
914,Jharkhand,Odisha,4337344.0
915,Jammu & Kashmir,Odisha,4442.0
916,Kerala,Odisha,21808.333333333332
917,Karnataka,Odisha,156025.75
918,Lakshadeep,Odisha,0.0
919,Maharashtra,Odisha,0.0
920,Meghalaya,Odisha,0.0
921,Manipur,Odisha,0.0
922,Madhya Pradesh,Odisha,0.0
923,Mizoram,Odisha,0.0
924,Nagaland,Odisha,0.0
925,Odisha,Odisha,63687.75
926,Punjab,Odisha,2212.5
927,Puducherry,Odisha,0.0
928,Rajasthan,Odisha,0.0
929,Sikkim,Odisha,0.0
930,Telangana,Odisha,0.0
931,Tamil Nadu,Odisha,1443680.8333333333
932,Tripura,Odisha,0.0
933,Uttarakhand,Odisha,0.0
934,Uttar Pradesh,Odisha,0.0
935,West Bengal,Odisha,1034506.9166666666
936,Andhra Pradesh,Punjab,2197.5
937,Andaman & Nicobar Islands,Punjab,0.0
938,Arunachal Pradesh,Punjab,19265.0
939,Assam,Punjab,8999001.916666666
940,Bihar,Punjab,6470652.5
941,Chattisgarh,Punjab,0.0
942,Chandigarh,Punjab,2135594.1666666665
943,Daman & Diu,Punjab,0.0
944,Delhi,Punjab,253823.33333333334
945,Dadra & Nagar Haveli,Punjab,0.0
946,Goa,Punjab,212992.5
947,Gujarat,Punjab,2841799.3333333335
948,Himachal Pradesh,Punjab,44093.333333333336
949,Haryana,Punjab,306.6666666666667
950,Jharkhand,Punjab,27781.666666666668
951,Jammu & Kashmir,Punjab,2113822.8333333335
952,Kerala,Punjab,781452.5
953,Karnataka,Punjab,10354270.25
954,Lakshadeep,Punjab,0.0
955,Maharashtra,Punjab,7321953.5
956,Meghalaya,Punjab,0.0
957,Manipur,Punjab,256313.58333333334
958,Madhya Pradesh,Punjab,147202.5
959,Mizoram,Punjab,250220.0
960,Nagaland,Punjab,961557.0833333334
961,Odisha,Punjab,34280.0
962,Punjab,Punjab,0.0
963,Puducherry,Punjab,0.0
964,Rajasthan,Punjab,31639.0
965,Sikkim,Punjab,0.0
966,Telangana,Punjab,0.0
967,Tamil Nadu,Punjab,1494652.3333333333
968,Tripura,Punjab,594664.0
969,Uttarakhand,Punjab,64534.166666666664
970,Uttar Pradesh,Punjab,4551802.916666667
971,West Bengal,Punjab,289893.3333333333
972,Andhra Pradesh,Puducherry,0.0
973,Andaman & Nicobar Islands,Puducherry,0.0
974,Arunachal Pradesh,Puducherry,0.0
975,Assam,Puducherry,0.0
976,Bihar,Puducherry,0.0
977,Chattisgarh,Puducherry,0.0
978,Chandigarh,Puducherry,0.0
979,Daman & Diu,Puducherry,0.0
980,Delhi,Puducherry,0.0
981,Dadra & Nagar Haveli,Puducherry,0.0
982,Goa,Puducherry,0.0
983,Gujarat,Puducherry,0.0
984,Himachal Pradesh,Puducherry,0.0
985,Haryana,Puducherry,0.0
986,Jharkhand,Puducherry,0.0
987,Jammu & Kashmir,Puducherry,0.0
988,Kerala,Puducherry,0.0
989,Karnataka,Puducherry,0.0
990,Lakshadeep,Puducherry,0.0
991,Maharashtra,Puducherry,0.0
992,Meghalaya,Puducherry,0.0
993,Manipur,Puducherry,0.0
994,Madhya Pradesh,Puducherry,0.0
995,Mizoram,Puducherry,0.0
996,Nagaland,Puducherry,0.0
997,Odisha,Puducherry,0.0
998,Punjab,Puducherry,0.0
999,Puducherry,Puducherry,0.0
1000,Rajasthan,Puducherry,0.0
1001,Sikkim,Puducherry,0.0
1002,Telangana,Puducherry,0.0
1003,Tamil Nadu,Puducherry,0.0
1004,Tripura,Puducherry,0.0
1005,Uttarakhand,Puducherry,0.0
1006,Uttar Pradesh,Puducherry,0.0
1007,West Bengal,Puducherry,0.0
1008,Andhra Pradesh,Rajasthan,0.0
1009,Andaman & Nicobar Islands,Rajasthan,0.0
1010,Arunachal Pradesh,Rajasthan,0.0
1011,Assam,Rajasthan,1915905.5833333333
1012,Bihar,Rajasthan,1540098.3333333333
1013,Chattisgarh,Rajasthan,0.0
1014,Chandigarh,Rajasthan,7363.333333333333
1015,Daman & Diu,Rajasthan,0.0
1016,Delhi,Rajasthan,7431.666666666667
1017,Dadra & Nagar Haveli,Rajasthan,0.0
1018,Goa,Rajasthan,47029.166666666664
1019,Gujarat,Rajasthan,613955.0
1020,Himachal Pradesh,Rajasthan,0.0
1021,Haryana,Rajasthan,0.0
1022,Jharkhand,Rajasthan,12951.666666666666
1023,Jammu & Kashmir,Rajasthan,274421.6666666667
1024,Kerala,Rajasthan,42026.666666666664
1025,Karnataka,Rajasthan,1294154.1666666667
1026,Lakshadeep,Rajasthan,0.0
1027,Maharashtra,Rajasthan,1302326.6666666667
1028,Meghalaya,Rajasthan,0.0
1029,Manipur,Rajasthan,0.0
1030,Madhya Pradesh,Rajasthan,12002.5
1031,Mizoram,Rajasthan,0.0
1032,Nagaland,Rajasthan,183230.83333333334
1033,Odisha,Rajasthan,0.0
1034,Punjab,Rajasthan,0.0
1035,Puducherry,Rajasthan,0.0
1036,Rajasthan,Rajasthan,4117.5
1037,Sikkim,Rajasthan,0.0
1038,Telangana,Rajasthan,0.0
1039,Tamil Nadu,Rajasthan,513905.0
1040,Tripura,Rajasthan,0.0
1041,Uttarakhand,Rajasthan,0.0
1042,Uttar Pradesh,Rajasthan,1802540.8333333333
1043,West Bengal,Rajasthan,57348.333333333336
1044,Andhra Pradesh,Sikkim,0.0
1045,Andaman & Nicobar Islands,Sikkim,0.0
1046,Arunachal Pradesh,Sikkim,0.0
1047,Assam,Sikkim,0.0
1048,Bihar,Sikkim,0.0
1049,Chattisgarh,Sikkim,0.0
1050,Chandigarh,Sikkim,0.0
1051,Daman & Diu,Sikkim,0.0
1052,Delhi,Sikkim,0.0
1053,Dadra & Nagar Haveli,Sikkim,0.0
1054,Goa,Sikkim,0.0
1055,Gujarat,Sikkim,0.0
1056,Himachal Pradesh,Sikkim,0.0
1057,Haryana,Sikkim,0.0
1058,Jharkhand,Sikkim,0.0
1059,Jammu & Kashmir,Sikkim,0.0
1060,Kerala,Sikkim,0.0
1061,Karnataka,Sikkim,0.0
1062,Lakshadeep,Sikkim,0.0
1063,Maharashtra,Sikkim,0.0
1064,Meghalaya,Sikkim,0.0
1065,Manipur,Sikkim,0.0
1066,Madhya Pradesh,Sikkim,0.0
1067,Mizoram,Sikkim,0.0
1068,Nagaland,Sikkim,0.0
1069,Odisha,Sikkim,0.0
1070,Punjab,Sikkim,0.0
1071,Puducherry,Sikkim,0.0
1072,Rajasthan,Sikkim,0.0
1073,Sikkim,Sikkim,0.0
1074,Telangana,Sikkim,0.0
1075,Tamil Nadu,Sikkim,0.0
1076,Tripura,Sikkim,0.0
1077,Uttarakhand,Sikkim,0.0
1078,Uttar Pradesh,Sikkim,0.0
1079,West Bengal,Sikkim,0.0
1080,Andhra Pradesh,Telangana,4586.175
1081,Andaman & Nicobar Islands,Telangana,0.0
1082,Arunachal Pradesh,Telangana,0.0
1083,Assam,Telangana,1119.6666666666667
1084,Bihar,Telangana,42801.666666666664
1085,Chattisgarh,Telangana,0.0
1086,Chandigarh,Telangana,0.0
1087,Daman & Diu,Telangana,0.0
1088,Delhi,Telangana,0.0
1089,Dadra & Nagar Haveli,Telangana,0.0
1090,Goa,Telangana,0.0
1091,Gujarat,Telangana,0.0
1092,Himachal Pradesh,Telangana,0.0
1093,Haryana,Telangana,0.0
1094,Jharkhand,Telangana,19987.5
1095,Jammu & Kashmir,Telangana,0.0
1096,Kerala,Telangana,1285529.1666666667
1097,Karnataka,Telangana,414534.5
1098,Lakshadeep,Telangana,0.0
1099,Maharashtra,Telangana,0.0
1100,Meghalaya,Telangana,0.0
1101,Manipur,Telangana,0.0
1102,Madhya Pradesh,Telangana,0.0
1103,Mizoram,Telangana,0.0
1104,Nagaland,Telangana,6523.333333333333
1105,Odisha,Telangana,0.0
1106,Punjab,Telangana,0.0
1107,Puducherry,Telangana,0.0
1108,Rajasthan,Telangana,0.0
1109,Sikkim,Telangana,0.0
1110,Telangana,Telangana,492877.2416666667
1111,Tamil Nadu,Telangana,3951880.5
1112,Tripura,Telangana,0.0
1113,Uttarakhand,Telangana,0.0
1114,Uttar Pradesh,Telangana,0.0
1115,West Bengal,Telangana,443052.0
1116,Andhra Pradesh,Tamil Nadu,14619.608333333332
1117,Andaman & Nicobar Islands,Tamil Nadu,0.0
1118,Arunachal Pradesh,Tamil Nadu,0.0
1119,Assam,Tamil Nadu,0.0
1120,Bihar,Tamil Nadu,0.0
1121,Chattisgarh,Tamil Nadu,77398.125
1122,Chandigarh,Tamil Nadu,0.0
1123,Daman & Diu,Tamil Nadu,0.0
1124,Delhi,Tamil Nadu,0.0
1125,Dadra & Nagar Haveli,Tamil Nadu,0.0
1126,Goa,Tamil Nadu,0.0
1127,Gujarat,Tamil Nadu,0.0
1128,Himachal Pradesh,Tamil Nadu,0.0
1129,Haryana,Tamil Nadu,14741.666666666666
1130,Jharkhand,Tamil Nadu,0.0
1131,Jammu & Kashmir,Tamil Nadu,0.0
1132,Kerala,Tamil Nadu,4823.333333333333
1133,Karnataka,Tamil Nadu,2738.3333333333335
1134,Lakshadeep,Tamil Nadu,0.0
1135,Maharashtra,Tamil Nadu,0.0
1136,Meghalaya,Tamil Nadu,0.0
1137,Manipur,Tamil Nadu,0.0
1138,Madhya Pradesh,Tamil Nadu,0.0
1139,Mizoram,Tamil Nadu,0.0
1140,Nagaland,Tamil Nadu,0.0
1141,Odisha,Tamil Nadu,14615.433333333334
1142,Punjab,Tamil Nadu,31737.975000000002
1143,Puducherry,Tamil Nadu,0.0
1144,Rajasthan,Tamil Nadu,0.0
1145,Sikkim,Tamil Nadu,0.0
1146,Telangana,Tamil Nadu,97219.20833333333
1147,Tamil Nadu,Tamil Nadu,1041104.1333333333
1148,Tripura,Tamil Nadu,0.0
1149,Uttarakhand,Tamil Nadu,0.0
1150,Uttar Pradesh,Tamil Nadu,100.0
1151,West Bengal,Tamil Nadu,0.0
1152,Andhra Pradesh,Tripura,8862.5
1153,Andaman & Nicobar Islands,Tripura,0.0
1154,Arunachal Pradesh,Tripura,0.0
1155,Assam,Tripura,73201.66666666667
1156,Bihar,Tripura,15450.0
1157,Chattisgarh,Tripura,2100.8333333333335
1158,Chandigarh,Tripura,4661.666666666667
1159,Daman & Diu,Tripura,0.0
1160,Delhi,Tripura,0.0
1161,Dadra & Nagar Haveli,Tripura,0.0
1162,Goa,Tripura,0.0
1163,Gujarat,Tripura,0.0
1164,Himachal Pradesh,Tripura,0.0
1165,Haryana,Tripura,4805.583333333333
1166,Jharkhand,Tripura,0.0
1167,Jammu & Kashmir,Tripura,0.0
1168,Kerala,Tripura,0.0
1169,Karnataka,Tripura,0.0
1170,Lakshadeep,Tripura,0.0
1171,Maharashtra,Tripura,0.0
1172,Meghalaya,Tripura,0.0
1173,Manipur,Tripura,0.0
1174,Madhya Pradesh,Tripura,0.0
1175,Mizoram,Tripura,0.0
1176,Nagaland,Tripura,0.0
1177,Odisha,Tripura,0.0
1178,Punjab,Tripura,15578.658333333333
1179,Puducherry,Tripura,0.0
1180,Rajasthan,Tripura,0.0
1181,Sikkim,Tripura,0.0
1182,Telangana,Tripura,0.0
1183,Tamil Nadu,Tripura,54852.5
1184,Tripura,Tripura,0.0
1185,Uttarakhand,Tripura,0.0
1186,Uttar Pradesh,Tripura,882.75
1187,West Bengal,Tripura,0.0
1188,Andhra Pradesh,Uttarakhand,2212.5
1189,Andaman & Nicobar Islands,Uttarakhand,0.0
1190,Arunachal Pradesh,Uttarakhand,0.0
1191,Assam,Uttarakhand,1010650.8333333334
1192,Bihar,Uttarakhand,484480.0
1193,Chattisgarh,Uttarakhand,4313.333333333333
1194,Chandigarh,Uttarakhand,50765.833333333336
1195,Daman & Diu,Uttarakhand,0.0
1196,Delhi,Uttarakhand,4430.0
1197,Dadra & Nagar Haveli,Uttarakhand,0.0
1198,Goa,Uttarakhand,0.0
1199,Gujarat,Uttarakhand,95672.5
1200,Himachal Pradesh,Uttarakhand,6592.5
1201,Haryana,Uttarakhand,4318.333333333333
1202,Jharkhand,Uttarakhand,0.0
1203,Jammu & Kashmir,Uttarakhand,4381.666666666667
1204,Kerala,Uttarakhand,22046.666666666668
1205,Karnataka,Uttarakhand,77899.16666666667
1206,Lakshadeep,Uttarakhand,0.0
1207,Maharashtra,Uttarakhand,4412.5
1208,Meghalaya,Uttarakhand,0.0
1209,Manipur,Uttarakhand,7300.0
1210,Madhya Pradesh,Uttarakhand,8799.166666666666
1211,Mizoram,Uttarakhand,5862.5
1212,Nagaland,Uttarakhand,99211.66666666667
1213,Odisha,Uttarakhand,0.0
1214,Punjab,Uttarakhand,2215.0
1215,Puducherry,Uttarakhand,0.0
1216,Rajasthan,Uttarakhand,6651.666666666667
1217,Sikkim,Uttarakhand,0.0
1218,Telangana,Uttarakhand,0.0
1219,Tamil Nadu,Uttarakhand,35246.666666666664
1220,Tripura,Uttarakhand,66805.83333333333
1221,Uttarakhand,Uttarakhand,0.0
1222,Uttar Pradesh,Uttarakhand,8918.333333333334
1223,West Bengal,Uttarakhand,2232.5
1224,Andhra Pradesh,Uttar Pradesh,88959.41666666667
1225,Andaman & Nicobar Islands,Uttar Pradesh,0.0
1226,Arunachal Pradesh,Uttar Pradesh,0.0
1227,Assam,Uttar Pradesh,576585.6666666666
1228,Bihar,Uttar Pradesh,484107.25
1229,Chattisgarh,Uttar Pradesh,13209.166666666666
1230,Chandigarh,Uttar Pradesh,716.6666666666666
1231,Daman & Diu,Uttar Pradesh,0.0
1232,Delhi,Uttar Pradesh,0.0
1233,Dadra & Nagar Haveli,Uttar Pradesh,0.0
1234,Goa,Uttar Pradesh,0.0
1235,Gujarat,Uttar Pradesh,178110.0
1236,Himachal Pradesh,Uttar Pradesh,0.0
1237,Haryana,Uttar Pradesh,34917.583333333336
1238,Jharkhand,Uttar Pradesh,0.0
1239,Jammu & Kashmir,Uttar Pradesh,0.0
1240,Kerala,Uttar Pradesh,84916.66666666667
1241,Karnataka,Uttar Pradesh,5029.166666666667
1242,Lakshadeep,Uttar Pradesh,0.0
1243,Maharashtra,Uttar Pradesh,15362.5
1244,Meghalaya,Uttar Pradesh,0.0
1245,Manipur,Uttar Pradesh,11260.0
1246,Madhya Pradesh,Uttar Pradesh,0.0
1247,Mizoram,Uttar Pradesh,2670.0
1248,Nagaland,Uttar Pradesh,97576.66666666667
1249,Odisha,Uttar Pradesh,368.3333333333333
1250,Punjab,Uttar Pradesh,61672.700000000004
1251,Puducherry,Uttar Pradesh,0.0
1252,Rajasthan,Uttar Pradesh,0.0
1253,Sikkim,Uttar Pradesh,0.0
1254,Telangana,Uttar Pradesh,0.0
1255,Tamil Nadu,Uttar Pradesh,50.833333333333336
1256,Tripura,Uttar Pradesh,153144.0
1257,Uttarakhand,Uttar Pradesh,0.0
1258,Uttar Pradesh,Uttar Pradesh,595758.375
1259,West Bengal,Uttar Pradesh,25932.5
1260,Andhra Pradesh,West Bengal,19313.666666666668
1261,Andaman & Nicobar Islands,West Bengal,0.0
1262,Arunachal Pradesh,West Bengal,2207.5
1263,Assam,West Bengal,170097.16666666666
1264,Bihar,West Bengal,356234.5
1265,Chattisgarh,West Bengal,9711.208333333334
1266,Chandigarh,West Bengal,0.0
1267,Daman & Diu,West Bengal,0.0
1268,Delhi,West Bengal,0.0
1269,Dadra & Nagar Haveli,West Bengal,0.0
1270,Goa,West Bengal,0.0
1271,Gujarat,West Bengal,0.0
1272,Himachal Pradesh,West Bengal,0.0
1273,Haryana,West Bengal,667.75
1274,Jharkhand,West Bengal,72328.58333333333
1275,Jammu & Kashmir,West Bengal,0.0
1276,Kerala,West Bengal,0.0
1277,Karnataka,West Bengal,0.0
1278,Lakshadeep,West Bengal,0.0
1279,Maharashtra,West Bengal,0.0
1280,Meghalaya,West Bengal,0.0
1281,Manipur,West Bengal,0.0
1282,Madhya Pradesh,West Bengal,3333.3333333333335
1283,Mizoram,West Bengal,0.0
1284,Nagaland,West Bengal,4378.583333333333
1285,Odisha,West Bengal,0.0
1286,Punjab,West Bengal,1791.4166666666667
1287,Puducherry,West Bengal,0.0
1288,Rajasthan,West Bengal,0.0
1289,Sikkim,West Bengal,0.0
1290,Telangana,West Bengal,0.0
1291,Tamil Nadu,West Bengal,12935.833333333334
1292,Tripura,West Bengal,24741.416666666668
1293,Uttarakhand,West Bengal,0.0
1294,Uttar Pradesh,West Bengal,2214.1666666666665
1295,West Bengal,West Bengal,60087.041666666664
