source_state,target_state,original_trade_kcal,optimized_trade_kcal,diff_trade_kcal
andaman and nicobar,andhra pradesh,0.0,0.0,0.0
andaman and nicobar,arunachal pradesh,0.0,0.0,0.0
andaman and nicobar,assam,0.0,0.0,0.0
andaman and nicobar,bihar,0.0,0.0,0.0
andaman and nicobar,chandigarh,0.0,0.0,0.0
andaman and nicobar,chhattisgarh,0.0,0.0,0.0
andaman and nicobar,dadra and nagar haveli,0.0,0.0,0.0
andaman and nicobar,daman and diu,0.0,0.0,0.0
andaman and nicobar,delhi,0.0,0.0,0.0
andaman and nicobar,goa,0.0,0.0,0.0
andaman and nicobar,gujarat,0.0,0.0,0.0
andaman and nicobar,haryana,0.0,0.0,0.0
andaman and nicobar,himachal pradesh,0.0,0.0,0.0
andaman and nicobar,jammu and kashmir,0.0,0.0,0.0
andaman and nicobar,jharkhand,0.0,0.0,0.0
andaman and nicobar,karnataka,0.0,0.0,0.0
andaman and nicobar,kerala,0.0,0.0,0.0
andaman and nicobar,lakshadeep,0.0,0.0,0.0
andaman and nicobar,madhya pradesh,0.0,0.0,0.0
andaman and nicobar,maharashtra,0.0,0.0,0.0
andaman and nicobar,manipur,0.0,0.0,0.0
andaman and nicobar,meghalaya,0.0,0.0,0.0
andaman and nicobar,mizoram,0.0,0.0,0.0
andaman and nicobar,nagaland,0.0,0.0,0.0
andaman and nicobar,odisha,0.0,0.0,0.0
andaman and nicobar,puducherry,0.0,0.0,0.0
andaman and nicobar,punjab,0.0,0.0,0.0
andaman and nicobar,rajasthan,0.0,0.0,0.0
andaman and nicobar,sikkim,0.0,0.0,0.0
andaman and nicobar,tamil nadu,0.0,0.0,0.0
andaman and nicobar,telangana,0.0,0.0,0.0
andaman and nicobar,tripura,0.0,0.0,0.0
andaman and nicobar,uttar pradesh,0.0,0.0,0.0
andaman and nicobar,uttarakhand,0.0,0.0,0.0
andaman and nicobar,west bengal,0.0,0.0,0.0
andhra pradesh,andaman and nicobar,0.0,0.0,0.0
andhra pradesh,arunachal pradesh,560700000.0,591781002.0908158,31081002.090815783
andhra pradesh,assam,152979291000.0,147392671098.1061,-5586619901.893881
andhra pradesh,bihar,69100255000.0,64429608657.26526,-4670646342.734736
andhra pradesh,chandigarh,0.0,0.0,0.0
andhra pradesh,chhattisgarh,9899035700.0,9694997863.666002,-204037836.33399773
andhra pradesh,dadra and nagar haveli,0.0,0.0,0.0
andhra pradesh,daman and diu,0.0,0.0,0.0
andhra pradesh,delhi,4647283333.333333,4904893861.244777,257610527.9114437
andhra pradesh,goa,0.0,0.0,0.0
andhra pradesh,gujarat,10495492316.666666,11003369299.193357,507876982.5266908
andhra pradesh,haryana,78676000.0,83037207.27750494,4361207.277504936
andhra pradesh,himachal pradesh,0.0,0.0,0.0
andhra pradesh,jammu and kashmir,374393333.3333334,395146891.34317964,20753558.00984627
andhra pradesh,jharkhand,28154200666.666664,29714858362.022312,1560657695.355648
andhra pradesh,karnataka,1624725706666.6667,1701889050444.9385,77163343778.27165
andhra pradesh,kerala,3191283202333.333,3365178887572.4443,173895685239.11133
andhra pradesh,lakshadeep,0.0,0.0,0.0
andhra pradesh,madhya pradesh,1027099500.0,0.0,-1027099500.0
andhra pradesh,maharashtra,41063552766.666664,43339808107.128746,2276255340.462082
andhra pradesh,manipur,509080000.0,537299576.5015026,28219576.501502633
andhra pradesh,meghalaya,0.0,0.0,0.0
andhra pradesh,mizoram,1511220000.0,1594990700.8733418,83770700.8733418
andhra pradesh,nagaland,10773951333.333334,8366061255.536886,-2407890077.7964478
andhra pradesh,odisha,36437788333.33333,0.0,-36437788333.33333
andhra pradesh,puducherry,0.0,0.0,0.0
andhra pradesh,punjab,11375357000.0,12005921463.529118,630564463.5291176
andhra pradesh,rajasthan,427795783.3333334,0.0,-427795783.3333334
andhra pradesh,sikkim,0.0,0.0,0.0
andhra pradesh,tamil nadu,6091538924333.334,6428453683227.493,336914758894.1592
andhra pradesh,telangana,0.0,0.0,0.0
andhra pradesh,tripura,3569283333.3333335,3017769999.0218425,-551513334.311491
andhra pradesh,uttar pradesh,1714793000.0,1659804810.6261454,-54988189.37385464
andhra pradesh,uttarakhand,0.0,0.0,0.0
andhra pradesh,west bengal,186752404000.0,185907939184.5015,-844464815.4984951
arunachal pradesh,andaman and nicobar,0.0,0.0,0.0
arunachal pradesh,andhra pradesh,0.0,0.0,0.0
arunachal pradesh,assam,0.0,0.0,0.0
arunachal pradesh,bihar,0.0,0.0,0.0
arunachal pradesh,chandigarh,0.0,0.0,0.0
arunachal pradesh,chhattisgarh,0.0,0.0,0.0
arunachal pradesh,dadra and nagar haveli,0.0,0.0,0.0
arunachal pradesh,daman and diu,0.0,0.0,0.0
arunachal pradesh,delhi,0.0,0.0,0.0
arunachal pradesh,goa,0.0,0.0,0.0
arunachal pradesh,gujarat,0.0,0.0,0.0
arunachal pradesh,haryana,92856666.66666666,80002905.93439393,-12853760.73227273
arunachal pradesh,himachal pradesh,0.0,0.0,0.0
arunachal pradesh,jammu and kashmir,0.0,0.0,0.0
arunachal pradesh,jharkhand,0.0,0.0,0.0
arunachal pradesh,karnataka,0.0,0.0,0.0
arunachal pradesh,kerala,0.0,0.0,0.0
arunachal pradesh,lakshadeep,0.0,0.0,0.0
arunachal pradesh,madhya pradesh,0.0,0.0,0.0
arunachal pradesh,maharashtra,0.0,0.0,0.0
arunachal pradesh,manipur,0.0,0.0,0.0
arunachal pradesh,meghalaya,0.0,0.0,0.0
arunachal pradesh,mizoram,0.0,0.0,0.0
arunachal pradesh,nagaland,0.0,0.0,0.0
arunachal pradesh,odisha,0.0,0.0,0.0
arunachal pradesh,puducherry,0.0,0.0,0.0
arunachal pradesh,punjab,322428000.0,282720967.24589616,-39707032.75410384
arunachal pradesh,rajasthan,0.0,0.0,0.0
arunachal pradesh,sikkim,0.0,0.0,0.0
arunachal pradesh,tamil nadu,0.0,0.0,0.0
arunachal pradesh,telangana,0.0,0.0,0.0
arunachal pradesh,tripura,0.0,0.0,0.0
arunachal pradesh,uttar pradesh,0.0,0.0,0.0
arunachal pradesh,uttarakhand,0.0,0.0,0.0
arunachal pradesh,west bengal,0.0,0.0,0.0
assam,andaman and nicobar,0.0,0.0,0.0
assam,andhra pradesh,781328033.3333334,785723491.5261997,4395458.192866325
assam,arunachal pradesh,0.0,0.0,0.0
assam,bihar,743833850.0,759100781.0222464,15266931.02224648
assam,chandigarh,78409000.0,78850099.59804478,441099.5980447829
assam,chhattisgarh,232690500.0,233999529.3973758,1309029.3973757923
assam,dadra and nagar haveli,0.0,0.0,0.0
assam,daman and diu,0.0,0.0,0.0
assam,delhi,817815066.6666666,822415787.2112677,4600720.544601083
assam,goa,0.0,0.0,0.0
assam,gujarat,0.0,0.0,0.0
assam,haryana,15770318933.333332,15974116508.204485,203797574.87115288
assam,himachal pradesh,0.0,0.0,0.0
assam,jammu and kashmir,0.0,0.0,0.0
assam,jharkhand,0.0,0.0,0.0
assam,karnataka,74240833.33333331,74658484.39050588,417651.05717256665
assam,kerala,0.0,0.0,0.0
assam,lakshadeep,0.0,0.0,0.0
assam,madhya pradesh,294184566.6666667,307403663.91164464,13219097.244977951
assam,maharashtra,385334400.00000006,387502146.6738873,2167746.673887253
assam,manipur,100881675333.33336,101865050184.7311,983374851.397747
assam,meghalaya,0.0,0.0,0.0
assam,mizoram,9203120000.0,9255251927.985931,52131927.985932365
assam,nagaland,21840470000.0,22200285143.04358,359815143.04357815
assam,odisha,0.0,0.0,0.0
assam,puducherry,0.0,0.0,0.0
assam,punjab,49715662366.666664,50165932851.73,450270485.06333447
assam,rajasthan,0.0,0.0,0.0
assam,sikkim,0.0,0.0,0.0
assam,tamil nadu,0.0,0.0,0.0
assam,telangana,157085000.0,157968701.23785362,883701.2378536165
assam,tripura,380846967500.0,383890340388.0029,3043372888.0029488
assam,uttar pradesh,5752323000.0,5919848894.325,167525894.3249998
assam,uttarakhand,314793000.0,316563907.2398234,1770907.239823401
assam,west bengal,1250366000.0,1276449664.0362709,26083664.036270916
bihar,andaman and nicobar,0.0,0.0,0.0
bihar,andhra pradesh,1826398666.6666665,918910034.8000742,-907488631.8665923
bihar,arunachal pradesh,0.0,0.0,0.0
bihar,assam,14334178500.0,8858431421.58226,-5475747078.417742
bihar,chandigarh,860414000.0000001,449579388.1456234,-410834611.8543767
bihar,chhattisgarh,78854000.0,39673557.151884176,-39180442.848115824
bihar,dadra and nagar haveli,0.0,0.0,0.0
bihar,daman and diu,0.0,0.0,0.0
bihar,delhi,0.0,0.0,0.0
bihar,goa,0.0,0.0,0.0
bihar,gujarat,0.0,0.0,0.0
bihar,haryana,39017650833.33333,23080440051.997383,-15937210781.335949
bihar,himachal pradesh,0.0,0.0,0.0
bihar,jammu and kashmir,0.0,0.0,0.0
bihar,jharkhand,0.0,0.0,0.0
bihar,karnataka,654196666.6666667,450044325.75680643,-204152340.9098603
bihar,kerala,0.0,0.0,0.0
bihar,lakshadeep,0.0,0.0,0.0
bihar,madhya pradesh,3436816016.666667,2364303619.662196,-1072512397.0044708
bihar,maharashtra,0.0,0.0,0.0
bihar,manipur,0.0,0.0,0.0
bihar,meghalaya,0.0,0.0,0.0
bihar,mizoram,0.0,0.0,0.0
bihar,nagaland,712425000.0,490101593.4718298,-222323406.52817023
bihar,odisha,0.0,0.0,0.0
bihar,puducherry,0.0,0.0,0.0
bihar,punjab,93025034416.66666,53241139366.05782,-39783895050.60884
bihar,rajasthan,270802000.0,186293984.2304221,-84508015.76957789
bihar,sikkim,0.0,0.0,0.0
bihar,tamil nadu,2221076833.333333,1512115635.7238615,-708961197.6094718
bihar,telangana,690690000.0,475149341.4676045,-215540658.53239548
bihar,tripura,3031043333.333333,1524998997.0684748,-1506044336.2648582
bihar,uttar pradesh,2007200500.0,1147295191.2946484,-859905308.7053516
bihar,uttarakhand,228192000.0,127901266.97047831,-100290733.02952169
bihar,west bengal,7157098266.666667,4127573687.0043054,-3029524579.6623616
chandigarh,andaman and nicobar,0.0,0.0,0.0
chandigarh,andhra pradesh,714840000.0,714840000.0,0.0
chandigarh,arunachal pradesh,0.0,0.0,0.0
chandigarh,assam,17212896666.666668,17212896666.666668,0.0
chandigarh,bihar,37099128333.33332,37099128333.33332,0.0
chandigarh,chhattisgarh,712425000.0,712425000.0,0.0
chandigarh,dadra and nagar haveli,0.0,0.0,0.0
chandigarh,daman and diu,0.0,0.0,0.0
chandigarh,delhi,1573520000.0,1573520000.0,0.0
chandigarh,goa,0.0,0.0,0.0
chandigarh,gujarat,1431290000.0,1431290000.0,0.0
chandigarh,haryana,0.0,0.0,0.0
chandigarh,himachal pradesh,0.0,0.0,0.0
chandigarh,jammu and kashmir,3858743333.333333,3858743333.333333,0.0
chandigarh,jharkhand,0.0,0.0,0.0
chandigarh,karnataka,16747723333.333332,16747723333.333332,0.0
chandigarh,kerala,784090000.0,784090000.0,0.0
chandigarh,lakshadeep,0.0,0.0,0.0
chandigarh,madhya pradesh,0.0,0.0,0.0
chandigarh,maharashtra,1497320000.0,1497320000.0,0.0
chandigarh,manipur,0.0,0.0,0.0
chandigarh,meghalaya,0.0,0.0,0.0
chandigarh,mizoram,0.0,0.0,0.0
chandigarh,nagaland,1570850000.0,1570850000.0,0.0
chandigarh,odisha,710815000.0,710815000.0,0.0
chandigarh,puducherry,0.0,0.0,0.0
chandigarh,punjab,0.0,0.0,0.0
chandigarh,rajasthan,0.0,0.0,0.0
chandigarh,sikkim,0.0,0.0,0.0
chandigarh,tamil nadu,3840138333.333333,3840138333.333333,0.0
chandigarh,telangana,0.0,0.0,0.0
chandigarh,tripura,0.0,0.0,0.0
chandigarh,uttar pradesh,8250011666.666666,8250011666.666666,0.0
chandigarh,uttarakhand,0.0,0.0,0.0
chandigarh,west bengal,0.0,0.0,0.0
chhattisgarh,andaman and nicobar,0.0,0.0,0.0
chhattisgarh,andhra pradesh,2287248706333.3335,509147761844.198,-1778100944489.1355
chhattisgarh,arunachal pradesh,0.0,0.0,0.0
chhattisgarh,assam,120364015333.33334,26793356071.79759,-93570659261.53575
chhattisgarh,bihar,1297505486666.6667,288828238349.26855,-1008677248317.3982
chhattisgarh,chandigarh,1581530000.0,352052864.8938728,-1229477135.1061273
chhattisgarh,dadra and nagar haveli,0.0,0.0,0.0
chhattisgarh,daman and diu,0.0,0.0,0.0
chhattisgarh,delhi,3140098000.0,698994326.3469679,-2441103673.6530323
chhattisgarh,goa,30749262666.666664,6844869218.52523,-23904393448.141434
chhattisgarh,gujarat,55856993333.33333,12433918121.918617,-43423075211.41471
chhattisgarh,haryana,5857670833.333333,1359066809.7605314,-4498604023.572802
chhattisgarh,himachal pradesh,3073763333.333333,684228049.7402769,-2389535283.593056
chhattisgarh,jammu and kashmir,7728166666.666666,1720310847.9619932,-6007855818.704673
chhattisgarh,jharkhand,2099494514000.0,467353169704.4439,-1632141344295.5562
chhattisgarh,karnataka,408276612333.3334,90883480579.63812,-317393131753.69525
chhattisgarh,kerala,224578862000.0,49991863424.47232,-174586998575.52768
chhattisgarh,lakshadeep,0.0,0.0,0.0
chhattisgarh,madhya pradesh,86881940166.66669,19617824980.94538,-67264115185.721306
chhattisgarh,maharashtra,1197251792666.6667,266511494317.29086,-930740298349.3759
chhattisgarh,manipur,766883333.3333333,170710308.71331105,-596173024.6200222
chhattisgarh,meghalaya,0.0,0.0,0.0
chhattisgarh,mizoram,783200000.0,174342442.94125384,-608857557.0587461
chhattisgarh,nagaland,8574497333.333334,1908706348.4251788,-6665790984.908155
chhattisgarh,odisha,8750480000.0,1947880567.043645,-6802599432.956355
chhattisgarh,puducherry,0.0,0.0,0.0
chhattisgarh,punjab,19452077333.333332,4330085141.184275,-15121992192.149057
chhattisgarh,rajasthan,453900000.0,101039370.34095393,-352860629.65904605
chhattisgarh,sikkim,0.0,0.0,0.0
chhattisgarh,tamil nadu,1540633217333.3333,343082635245.3216,-1197550582088.0117
chhattisgarh,telangana,0.0,0.0,0.0
chhattisgarh,tripura,0.0,0.0,0.0
chhattisgarh,uttar pradesh,2363543333.3333335,526131152.61854905,-1837412180.7147844
chhattisgarh,uttarakhand,816130000.0,181672750.2012838,-634457249.7987162
chhattisgarh,west bengal,451983652000.0,100612786081.70268,-351370865918.2973
dadra and nagar haveli,andaman and nicobar,0.0,0.0,0.0
dadra and nagar haveli,andhra pradesh,0.0,0.0,0.0
dadra and nagar haveli,arunachal pradesh,0.0,0.0,0.0
dadra and nagar haveli,assam,0.0,0.0,0.0
dadra and nagar haveli,bihar,0.0,0.0,0.0
dadra and nagar haveli,chandigarh,0.0,0.0,0.0
dadra and nagar haveli,chhattisgarh,0.0,0.0,0.0
dadra and nagar haveli,daman and diu,0.0,0.0,0.0
dadra and nagar haveli,delhi,0.0,0.0,0.0
dadra and nagar haveli,goa,0.0,0.0,0.0
dadra and nagar haveli,gujarat,0.0,0.0,0.0
dadra and nagar haveli,haryana,0.0,0.0,0.0
dadra and nagar haveli,himachal pradesh,0.0,0.0,0.0
dadra and nagar haveli,jammu and kashmir,0.0,0.0,0.0
dadra and nagar haveli,jharkhand,0.0,0.0,0.0
dadra and nagar haveli,karnataka,0.0,0.0,0.0
dadra and nagar haveli,kerala,0.0,0.0,0.0
dadra and nagar haveli,lakshadeep,0.0,0.0,0.0
dadra and nagar haveli,madhya pradesh,0.0,0.0,0.0
dadra and nagar haveli,maharashtra,0.0,0.0,0.0
dadra and nagar haveli,manipur,0.0,0.0,0.0
dadra and nagar haveli,meghalaya,0.0,0.0,0.0
dadra and nagar haveli,mizoram,0.0,0.0,0.0
dadra and nagar haveli,nagaland,0.0,0.0,0.0
dadra and nagar haveli,odisha,0.0,0.0,0.0
dadra and nagar haveli,puducherry,0.0,0.0,0.0
dadra and nagar haveli,punjab,0.0,0.0,0.0
dadra and nagar haveli,rajasthan,0.0,0.0,0.0
dadra and nagar haveli,sikkim,0.0,0.0,0.0
dadra and nagar haveli,tamil nadu,0.0,0.0,0.0
dadra and nagar haveli,telangana,0.0,0.0,0.0
dadra and nagar haveli,tripura,0.0,0.0,0.0
dadra and nagar haveli,uttar pradesh,0.0,0.0,0.0
dadra and nagar haveli,uttarakhand,0.0,0.0,0.0
dadra and nagar haveli,west bengal,0.0,0.0,0.0
daman and diu,andaman and nicobar,0.0,0.0,0.0
daman and diu,andhra pradesh,0.0,0.0,0.0
daman and diu,arunachal pradesh,0.0,0.0,0.0
daman and diu,assam,0.0,0.0,0.0
daman and diu,bihar,0.0,0.0,0.0
daman and diu,chandigarh,0.0,0.0,0.0
daman and diu,chhattisgarh,0.0,0.0,0.0
daman and diu,dadra and nagar haveli,0.0,0.0,0.0
daman and diu,delhi,0.0,0.0,0.0
daman and diu,goa,0.0,0.0,0.0
daman and diu,gujarat,0.0,0.0,0.0
daman and diu,haryana,0.0,0.0,0.0
daman and diu,himachal pradesh,0.0,0.0,0.0
daman and diu,jammu and kashmir,0.0,0.0,0.0
daman and diu,jharkhand,0.0,0.0,0.0
daman and diu,karnataka,0.0,0.0,0.0
daman and diu,kerala,0.0,0.0,0.0
daman and diu,lakshadeep,0.0,0.0,0.0
daman and diu,madhya pradesh,0.0,0.0,0.0
daman and diu,maharashtra,0.0,0.0,0.0
daman and diu,manipur,0.0,0.0,0.0
daman and diu,meghalaya,0.0,0.0,0.0
daman and diu,mizoram,0.0,0.0,0.0
daman and diu,nagaland,0.0,0.0,0.0
daman and diu,odisha,0.0,0.0,0.0
daman and diu,puducherry,0.0,0.0,0.0
daman and diu,punjab,0.0,0.0,0.0
daman and diu,rajasthan,0.0,0.0,0.0
daman and diu,sikkim,0.0,0.0,0.0
daman and diu,tamil nadu,0.0,0.0,0.0
daman and diu,telangana,0.0,0.0,0.0
daman and diu,tripura,0.0,0.0,0.0
daman and diu,uttar pradesh,0.0,0.0,0.0
daman and diu,uttarakhand,0.0,0.0,0.0
daman and diu,west bengal,0.0,0.0,0.0
delhi,andaman and nicobar,0.0,0.0,0.0
delhi,andhra pradesh,0.0,0.0,0.0
delhi,arunachal pradesh,0.0,0.0,0.0
delhi,assam,71016599666.66667,0.0,-71016599666.66667
delhi,bihar,0.0,0.0,0.0
delhi,chandigarh,19386808333.333332,0.0,-19386808333.333332
delhi,chhattisgarh,0.0,0.0,0.0
delhi,dadra and nagar haveli,0.0,0.0,0.0
delhi,daman and diu,0.0,0.0,0.0
delhi,goa,0.0,0.0,0.0
delhi,gujarat,11479220000.0,0.0,-11479220000.0
delhi,haryana,503554333.3333333,0.0,-503554333.3333333
delhi,himachal pradesh,2383716666.6666665,0.0,-2383716666.6666665
delhi,jammu and kashmir,0.0,0.0,0.0
delhi,jharkhand,0.0,0.0,0.0
delhi,karnataka,0.0,0.0,0.0
delhi,kerala,0.0,0.0,0.0
delhi,lakshadeep,0.0,0.0,0.0
delhi,madhya pradesh,1130160966.6666667,0.0,-1130160966.6666667
delhi,maharashtra,0.0,0.0,0.0
delhi,manipur,0.0,0.0,0.0
delhi,meghalaya,0.0,0.0,0.0
delhi,mizoram,0.0,0.0,0.0
delhi,nagaland,6399066666.666667,0.0,-6399066666.666667
delhi,odisha,1428875000.0,0.0,-1428875000.0
delhi,puducherry,0.0,0.0,0.0
delhi,punjab,251938166.66666666,0.0,-251938166.66666666
delhi,rajasthan,142466216.66666666,0.0,-142466216.66666666
delhi,sikkim,0.0,0.0,0.0
delhi,tamil nadu,0.0,0.0,0.0
delhi,telangana,0.0,0.0,0.0
delhi,tripura,3325633333.333333,0.0,-3325633333.333333
delhi,uttar pradesh,2093000000.0,0.0,-2093000000.0
delhi,uttarakhand,0.0,0.0,0.0
delhi,west bengal,10646016666.666666,0.0,-10646016666.666666
goa,andaman and nicobar,0.0,0.0,0.0
goa,andhra pradesh,0.0,0.0,0.0
goa,arunachal pradesh,0.0,0.0,0.0
goa,assam,0.0,0.0,0.0
goa,bihar,0.0,0.0,0.0
goa,chandigarh,0.0,0.0,0.0
goa,chhattisgarh,0.0,0.0,0.0
goa,dadra and nagar haveli,0.0,0.0,0.0
goa,daman and diu,0.0,0.0,0.0
goa,delhi,0.0,0.0,0.0
goa,gujarat,0.0,0.0,0.0
goa,haryana,159497333.3333333,0.0,-159497333.3333333
goa,himachal pradesh,0.0,0.0,0.0
goa,jammu and kashmir,0.0,0.0,0.0
goa,jharkhand,0.0,0.0,0.0
goa,karnataka,0.0,0.0,0.0
goa,kerala,1500160000.0,0.0,-1500160000.0
goa,lakshadeep,0.0,0.0,0.0
goa,madhya pradesh,0.0,0.0,0.0
goa,maharashtra,2931976666.6666665,0.0,-2931976666.6666665
goa,manipur,0.0,0.0,0.0
goa,meghalaya,0.0,0.0,0.0
goa,mizoram,0.0,0.0,0.0
goa,nagaland,0.0,0.0,0.0
goa,odisha,0.0,0.0,0.0
goa,puducherry,0.0,0.0,0.0
goa,punjab,2223018166.6666665,0.0,-2223018166.6666665
goa,rajasthan,0.0,0.0,0.0
goa,sikkim,0.0,0.0,0.0
goa,tamil nadu,0.0,0.0,0.0
goa,telangana,0.0,0.0,0.0
goa,tripura,0.0,0.0,0.0
goa,uttar pradesh,0.0,0.0,0.0
goa,uttarakhand,0.0,0.0,0.0
goa,west bengal,0.0,0.0,0.0
gujarat,andaman and nicobar,0.0,0.0,0.0
gujarat,andhra pradesh,3744296500.0,2496089686.575492,-1248206813.424508
gujarat,arunachal pradesh,0.0,0.0,0.0
gujarat,assam,706977833.3333334,471298167.33819574,-235679665.99513763
gujarat,bihar,17533000.0,18232403.463635113,699403.4636351131
gujarat,chandigarh,0.0,0.0,0.0
gujarat,chhattisgarh,0.0,0.0,0.0
gujarat,dadra and nagar haveli,0.0,0.0,0.0
gujarat,daman and diu,0.0,0.0,0.0
gujarat,delhi,0.0,0.0,0.0
gujarat,goa,0.0,0.0,0.0
gujarat,haryana,14195890666.666666,10136821716.334192,-4059068950.3324747
gujarat,himachal pradesh,0.0,0.0,0.0
gujarat,jammu and kashmir,2344052666.666667,1562634178.6918974,-781418487.9747696
gujarat,jharkhand,0.0,0.0,0.0
gujarat,karnataka,8400255500.0,5599928082.12412,-2800327417.8758802
gujarat,kerala,1366353333.3333333,910862818.5698911,-455490514.76344216
gujarat,lakshadeep,0.0,0.0,0.0
gujarat,madhya pradesh,9188803983.333334,6125604330.416177,-3063199652.917157
gujarat,maharashtra,5739113333.333333,3825910047.834413,-1913203285.49892
gujarat,manipur,0.0,0.0,0.0
gujarat,meghalaya,0.0,0.0,0.0
gujarat,mizoram,0.0,0.0,0.0
gujarat,nagaland,0.0,0.0,0.0
gujarat,odisha,0.0,0.0,0.0
gujarat,puducherry,0.0,0.0,0.0
gujarat,punjab,39365513100.0,32483608091.319237,-6881905008.680759
gujarat,rajasthan,1220353166.6666665,813533584.5589175,-406819582.107749
gujarat,sikkim,0.0,0.0,0.0
gujarat,tamil nadu,4455701833.333334,2970339392.897663,-1485362440.4356709
gujarat,telangana,709285500.0,472836545.2328738,-236448954.7671262
gujarat,tripura,0.0,0.0,0.0
gujarat,uttar pradesh,22269179500.0,14959398210.504055,-7309781289.495943
gujarat,uttarakhand,0.0,0.0,0.0
gujarat,west bengal,2139180166.6666667,1426058420.251577,-713121746.4150898
haryana,andaman and nicobar,0.0,0.0,0.0
haryana,andhra pradesh,171691044000.0,171691044000.0,0.0
haryana,arunachal pradesh,2985950000.0,2988176228.4251113,2226228.425111294
haryana,assam,1283438020833.3333,1284295257460.0835,857236626.7502441
haryana,bihar,2261262849833.3335,2262123050296.711,860200463.3771973
haryana,chandigarh,145154048333.3333,145238856024.1103,84807690.77694702
haryana,chhattisgarh,121395717333.33333,121395717333.33333,0.0
haryana,dadra and nagar haveli,0.0,0.0,0.0
haryana,daman and diu,0.0,0.0,0.0
haryana,delhi,399641263333.3334,399663062013.5329,21798680.19955063
haryana,goa,49421895000.00001,49446663311.877205,24768311.877197266
haryana,gujarat,1476186841333.3333,1476425344760.1064,238503426.7732544
haryana,himachal pradesh,25767921666.666664,25776037834.161057,8116167.494390488
haryana,jammu and kashmir,85206365000.0,85250227561.38089,43862561.38088226
haryana,jharkhand,150320603333.33334,150326661373.10834,6058039.775000572
haryana,karnataka,1612243554333.3335,1613251132534.0378,1007578200.7043457
haryana,kerala,332858211833.3334,332945081854.3473,86870021.01397705
haryana,lakshadeep,0.0,0.0,0.0
haryana,madhya pradesh,139591127000.0,139612775606.08267,21648606.082660675
haryana,maharashtra,3156472269000.0,3157530556194.17,1058287194.170166
haryana,manipur,21171023333.333332,21186807768.415424,15784435.082092285
haryana,meghalaya,533406666.6666666,533804357.54678094,397690.88011431694
haryana,mizoram,18899150000.0,18913240599.286808,14090599.286808014
haryana,nagaland,106666760000.00002,106740995704.68306,74235704.68304443
haryana,odisha,500087620500.0,500095390512.7517,7770012.751688004
haryana,puducherry,0.0,0.0,0.0
haryana,punjab,6975056666.666667,6975056666.666667,0.0
haryana,rajasthan,1116812068333.3335,1116821679800.8423,9611467.508810043
haryana,sikkim,0.0,0.0,0.0
haryana,tamil nadu,699622303500.0,699939430701.3125,317127201.3125
haryana,telangana,2799790000.0,2799790000.0,0.0
haryana,tripura,125545491666.66667,125634502759.8272,89011093.16052246
haryana,uttar pradesh,3760395163333.334,3761290075530.754,894912197.4199219
haryana,uttarakhand,69570691666.66666,69571279576.7664,587910.0997462273
haryana,west bengal,2265749988666.6665,2265822455774.9775,72467108.31074524
himachal pradesh,andaman and nicobar,0.0,0.0,0.0
himachal pradesh,andhra pradesh,0.0,0.0,0.0
himachal pradesh,arunachal pradesh,0.0,0.0,0.0
himachal pradesh,assam,0.0,0.0,0.0
himachal pradesh,bihar,0.0,0.0,0.0
himachal pradesh,chandigarh,0.0,0.0,0.0
himachal pradesh,chhattisgarh,0.0,0.0,0.0
himachal pradesh,dadra and nagar haveli,0.0,0.0,0.0
himachal pradesh,daman and diu,0.0,0.0,0.0
himachal pradesh,delhi,0.0,0.0,0.0
himachal pradesh,goa,0.0,0.0,0.0
himachal pradesh,gujarat,0.0,0.0,0.0
himachal pradesh,haryana,0.0,0.0,0.0
himachal pradesh,jammu and kashmir,0.0,0.0,0.0
himachal pradesh,jharkhand,0.0,0.0,0.0
himachal pradesh,karnataka,0.0,0.0,0.0
himachal pradesh,kerala,0.0,0.0,0.0
himachal pradesh,lakshadeep,0.0,0.0,0.0
himachal pradesh,madhya pradesh,0.0,0.0,0.0
himachal pradesh,maharashtra,0.0,0.0,0.0
himachal pradesh,manipur,0.0,0.0,0.0
himachal pradesh,meghalaya,0.0,0.0,0.0
himachal pradesh,mizoram,0.0,0.0,0.0
himachal pradesh,nagaland,0.0,0.0,0.0
himachal pradesh,odisha,0.0,0.0,0.0
himachal pradesh,puducherry,0.0,0.0,0.0
himachal pradesh,punjab,0.0,0.0,0.0
himachal pradesh,rajasthan,0.0,0.0,0.0
himachal pradesh,sikkim,0.0,0.0,0.0
himachal pradesh,tamil nadu,0.0,0.0,0.0
himachal pradesh,telangana,0.0,0.0,0.0
himachal pradesh,tripura,0.0,0.0,0.0
himachal pradesh,uttar pradesh,0.0,0.0,0.0
himachal pradesh,uttarakhand,0.0,0.0,0.0
himachal pradesh,west bengal,1407676666.6666667,1407676666.6666667,0.0
jammu and kashmir,andaman and nicobar,0.0,0.0,0.0
jammu and kashmir,andhra pradesh,0.0,0.0,0.0
jammu and kashmir,arunachal pradesh,0.0,0.0,0.0
jammu and kashmir,assam,0.0,0.0,0.0
jammu and kashmir,bihar,0.0,0.0,0.0
jammu and kashmir,chandigarh,0.0,0.0,0.0
jammu and kashmir,chhattisgarh,0.0,0.0,0.0
jammu and kashmir,dadra and nagar haveli,0.0,0.0,0.0
jammu and kashmir,daman and diu,0.0,0.0,0.0
jammu and kashmir,delhi,0.0,0.0,0.0
jammu and kashmir,goa,0.0,0.0,0.0
jammu and kashmir,gujarat,0.0,0.0,0.0
jammu and kashmir,haryana,598970166.6666666,465594769.3278639,-133375397.33880274
jammu and kashmir,himachal pradesh,0.0,0.0,0.0
jammu and kashmir,jharkhand,0.0,0.0,0.0
jammu and kashmir,karnataka,0.0,0.0,0.0
jammu and kashmir,kerala,0.0,0.0,0.0
jammu and kashmir,lakshadeep,0.0,0.0,0.0
jammu and kashmir,madhya pradesh,0.0,0.0,0.0
jammu and kashmir,maharashtra,0.0,0.0,0.0
jammu and kashmir,manipur,0.0,0.0,0.0
jammu and kashmir,meghalaya,0.0,0.0,0.0
jammu and kashmir,mizoram,0.0,0.0,0.0
jammu and kashmir,nagaland,0.0,0.0,0.0
jammu and kashmir,odisha,0.0,0.0,0.0
jammu and kashmir,puducherry,0.0,0.0,0.0
jammu and kashmir,punjab,17550509216.666668,14637237990.564056,-2913271226.1026125
jammu and kashmir,rajasthan,0.0,0.0,0.0
jammu and kashmir,sikkim,0.0,0.0,0.0
jammu and kashmir,tamil nadu,0.0,0.0,0.0
jammu and kashmir,telangana,0.0,0.0,0.0
jammu and kashmir,tripura,0.0,0.0,0.0
jammu and kashmir,uttar pradesh,214130000.0,214144520.98255798,14520.982557982206
jammu and kashmir,uttarakhand,0.0,0.0,0.0
jammu and kashmir,west bengal,0.0,0.0,0.0
jharkhand,andaman and nicobar,0.0,0.0,0.0
jharkhand,andhra pradesh,18915644666.666668,20774695206.03251,1859050539.365841
jharkhand,arunachal pradesh,0.0,0.0,0.0
jharkhand,assam,0.0,0.0,0.0
jharkhand,bihar,1487011666.6666665,1564510251.828968,77498585.16230142
jharkhand,chandigarh,0.0,0.0,0.0
jharkhand,chhattisgarh,15422353133.333334,16938079105.990137,1515725972.6568031
jharkhand,dadra and nagar haveli,0.0,0.0,0.0
jharkhand,daman and diu,0.0,0.0,0.0
jharkhand,delhi,0.0,0.0,0.0
jharkhand,goa,0.0,0.0,0.0
jharkhand,gujarat,0.0,0.0,0.0
jharkhand,haryana,1903337666.6666667,1910816365.8451757,7478699.178508952
jharkhand,himachal pradesh,0.0,0.0,0.0
jharkhand,jammu and kashmir,0.0,0.0,0.0
jharkhand,karnataka,0.0,0.0,0.0
jharkhand,kerala,0.0,0.0,0.0
jharkhand,lakshadeep,0.0,0.0,0.0
jharkhand,madhya pradesh,0.0,0.0,0.0
jharkhand,maharashtra,0.0,0.0,0.0
jharkhand,manipur,0.0,0.0,0.0
jharkhand,meghalaya,0.0,0.0,0.0
jharkhand,mizoram,0.0,0.0,0.0
jharkhand,nagaland,0.0,0.0,0.0
jharkhand,odisha,25689936033.333336,28214771442.36401,2524835409.030674
jharkhand,puducherry,0.0,0.0,0.0
jharkhand,punjab,5102372266.666666,5131225760.942834,28853494.27616787
jharkhand,rajasthan,0.0,0.0,0.0
jharkhand,sikkim,0.0,0.0,0.0
jharkhand,tamil nadu,0.0,0.0,0.0
jharkhand,telangana,0.0,0.0,0.0
jharkhand,tripura,0.0,0.0,0.0
jharkhand,uttar pradesh,213888500.0,213888499.7861115,-0.2138884961605072
jharkhand,uttarakhand,0.0,0.0,0.0
jharkhand,west bengal,713498333.3333334,713498332.619835,-0.7134983539581299
karnataka,andaman and nicobar,0.0,0.0,0.0
karnataka,andhra pradesh,21489573400.0,4216335913.4473553,-17273237486.552647
karnataka,arunachal pradesh,0.0,0.0,0.0
karnataka,assam,770443333.3333333,152244047.57394698,-618199285.7593863
karnataka,bihar,71162000.0,10907704.908493647,-60254295.091506355
karnataka,chandigarh,0.0,0.0,0.0
karnataka,chhattisgarh,0.0,0.0,0.0
karnataka,dadra and nagar haveli,0.0,0.0,0.0
karnataka,daman and diu,0.0,0.0,0.0
karnataka,delhi,0.0,0.0,0.0
karnataka,goa,0.0,0.0,0.0
karnataka,gujarat,561782666.6666667,86109996.21577036,-475672670.4508964
karnataka,haryana,20553779500.0,3989263739.7505703,-16564515760.24943
karnataka,himachal pradesh,0.0,0.0,0.0
karnataka,jammu and kashmir,0.0,0.0,0.0
karnataka,jharkhand,0.0,0.0,0.0
karnataka,kerala,15444016666.666666,2402170738.1062665,-13041845928.5604
karnataka,lakshadeep,0.0,0.0,0.0
karnataka,madhya pradesh,10015308216.666666,1535145535.468533,-8480162681.198133
karnataka,maharashtra,838603716.6666666,162888915.0286522,-675714801.6380143
karnataka,manipur,0.0,0.0,0.0
karnataka,meghalaya,0.0,0.0,0.0
karnataka,mizoram,0.0,0.0,0.0
karnataka,nagaland,0.0,0.0,0.0
karnataka,odisha,1710215099.9999998,337948370.4785762,-1372266729.5214236
karnataka,puducherry,35819816.66666667,5490458.251262508,-30329358.415404163
karnataka,punjab,67115777133.33332,13229795469.216532,-53885981664.11678
karnataka,rajasthan,2623894816.6666665,402190359.6178583,-2221704457.048808
karnataka,sikkim,0.0,0.0,0.0
karnataka,tamil nadu,6434235000.0,1184817184.7461004,-5249417815.253899
karnataka,telangana,1820702666.6666665,359781351.08618695,-1460921315.5804796
karnataka,tripura,0.0,0.0,0.0
karnataka,uttar pradesh,7609235666.666667,1166342953.137699,-6442892713.528968
karnataka,uttarakhand,0.0,0.0,0.0
karnataka,west bengal,70281866.66666666,10772798.150952699,-59509068.51571396
kerala,andaman and nicobar,0.0,0.0,0.0
kerala,andhra pradesh,4583126200.0,4583126196.337971,-3.662029266357422
kerala,arunachal pradesh,0.0,0.0,0.0
kerala,assam,0.0,0.0,0.0
kerala,bihar,0.0,0.0,0.0
kerala,chandigarh,0.0,0.0,0.0
kerala,chhattisgarh,1091496000.0,1091495999.127868,-0.8721320629119873
kerala,dadra and nagar haveli,0.0,0.0,0.0
kerala,daman and diu,0.0,0.0,0.0
kerala,delhi,0.0,0.0,0.0
kerala,goa,0.0,0.0,0.0
kerala,gujarat,0.0,0.0,0.0
kerala,haryana,2636652166.666667,1434116332.1874394,-1202535834.4792273
kerala,himachal pradesh,0.0,0.0,0.0
kerala,jammu and kashmir,0.0,0.0,0.0
kerala,jharkhand,0.0,0.0,0.0
kerala,karnataka,1645304100.0,785869999.3720707,-859434100.6279292
kerala,lakshadeep,0.0,0.0,0.0
kerala,madhya pradesh,5266994250.0,0.0,-5266994250.0
kerala,maharashtra,0.0,0.0,0.0
kerala,manipur,0.0,0.0,0.0
kerala,meghalaya,0.0,0.0,0.0
kerala,mizoram,0.0,0.0,0.0
kerala,nagaland,0.0,0.0,0.0
kerala,odisha,0.0,0.0,0.0
kerala,puducherry,0.0,0.0,0.0
kerala,punjab,6912827066.666668,2737817997.8124166,-4175009068.854251
kerala,rajasthan,2110841483.3333333,0.0,-2110841483.3333333
kerala,sikkim,0.0,0.0,0.0
kerala,tamil nadu,335377168333.3334,253872796463.81613,-81504371869.51721
kerala,telangana,20709226066.666668,20709226050.11949,-16.547176361083984
kerala,tripura,0.0,0.0,0.0
kerala,uttar pradesh,284809000.0,0.0,-284809000.0
kerala,uttarakhand,0.0,0.0,0.0
kerala,west bengal,0.0,0.0,0.0
lakshadeep,andaman and nicobar,0.0,0.0,0.0
lakshadeep,andhra pradesh,0.0,0.0,0.0
lakshadeep,arunachal pradesh,0.0,0.0,0.0
lakshadeep,assam,0.0,0.0,0.0
lakshadeep,bihar,0.0,0.0,0.0
lakshadeep,chandigarh,0.0,0.0,0.0
lakshadeep,chhattisgarh,0.0,0.0,0.0
lakshadeep,dadra and nagar haveli,0.0,0.0,0.0
lakshadeep,daman and diu,0.0,0.0,0.0
lakshadeep,delhi,0.0,0.0,0.0
lakshadeep,goa,0.0,0.0,0.0
lakshadeep,gujarat,0.0,0.0,0.0
lakshadeep,haryana,0.0,0.0,0.0
lakshadeep,himachal pradesh,0.0,0.0,0.0
lakshadeep,jammu and kashmir,0.0,0.0,0.0
lakshadeep,jharkhand,0.0,0.0,0.0
lakshadeep,karnataka,0.0,0.0,0.0
lakshadeep,kerala,0.0,0.0,0.0
lakshadeep,madhya pradesh,0.0,0.0,0.0
lakshadeep,maharashtra,0.0,0.0,0.0
lakshadeep,manipur,0.0,0.0,0.0
lakshadeep,meghalaya,0.0,0.0,0.0
lakshadeep,mizoram,0.0,0.0,0.0
lakshadeep,nagaland,0.0,0.0,0.0
lakshadeep,odisha,0.0,0.0,0.0
lakshadeep,puducherry,0.0,0.0,0.0
lakshadeep,punjab,0.0,0.0,0.0
lakshadeep,rajasthan,0.0,0.0,0.0
lakshadeep,sikkim,0.0,0.0,0.0
lakshadeep,tamil nadu,0.0,0.0,0.0
lakshadeep,telangana,0.0,0.0,0.0
lakshadeep,tripura,0.0,0.0,0.0
lakshadeep,uttar pradesh,0.0,0.0,0.0
lakshadeep,uttarakhand,0.0,0.0,0.0
lakshadeep,west bengal,0.0,0.0,0.0
madhya pradesh,andaman and nicobar,0.0,0.0,0.0
madhya pradesh,andhra pradesh,936689640833.3334,917335978284.267,-19353662549.066357
madhya pradesh,arunachal pradesh,0.0,0.0,0.0
madhya pradesh,assam,92565886666.66666,89807586983.8025,-2758299682.8641605
madhya pradesh,bihar,356772803333.3333,348665225220.5481,-8107578112.785243
madhya pradesh,chandigarh,0.0,0.0,0.0
madhya pradesh,chhattisgarh,183889335166.6667,180413825116.6538,-3475510050.01287
madhya pradesh,dadra and nagar haveli,0.0,0.0,0.0
madhya pradesh,daman and diu,0.0,0.0,0.0
madhya pradesh,delhi,138018132333.33334,135265765301.31172,-2752367032.021613
madhya pradesh,goa,33779922000.0,32769287989.670822,-1010634010.3291771
madhya pradesh,gujarat,843233425166.6666,825618296043.6138,-17615129123.052853
madhya pradesh,haryana,63427891833.33334,62170505050.56581,-1257386782.7675343
madhya pradesh,himachal pradesh,0.0,0.0,0.0
madhya pradesh,jammu and kashmir,76590705333.33334,75164722389.0636,-1425982944.2697449
madhya pradesh,jharkhand,69158596500.0,67870986226.280365,-1287610273.719635
madhya pradesh,karnataka,1154185830333.3335,1125722809096.779,-28463021236.55448
madhya pradesh,kerala,553752655833.3333,539988769567.59735,-13763886265.735968
madhya pradesh,lakshadeep,0.0,0.0,0.0
madhya pradesh,maharashtra,4227194626333.3335,4107273474400.0986,-119921151933.2348
madhya pradesh,manipur,0.0,0.0,0.0
madhya pradesh,meghalaya,0.0,0.0,0.0
madhya pradesh,mizoram,0.0,0.0,0.0
madhya pradesh,nagaland,8648920000.0,8487892466.010365,-161027533.98963547
madhya pradesh,odisha,382177184666.6667,375061724054.94006,-7115460611.726624
madhya pradesh,puducherry,0.0,0.0,0.0
madhya pradesh,punjab,14626047166.666668,10004901358.597933,-4621145808.068734
madhya pradesh,rajasthan,22219019666.666668,21805340970.992462,-413678695.6742058
madhya pradesh,sikkim,0.0,0.0,0.0
madhya pradesh,tamil nadu,1706483514333.3333,1672773578112.742,-33709936220.591427
madhya pradesh,telangana,66694840333.33334,65453100824.965935,-1241739508.3674088
madhya pradesh,tripura,0.0,0.0,0.0
madhya pradesh,uttar pradesh,1253405075500.0,1076191042799.3074,-177214032700.6926
madhya pradesh,uttarakhand,31120495000.0,30541086638.44887,-579408361.5511284
madhya pradesh,west bengal,603775697666.6666,592135750961.1732,-11639946705.493492
maharashtra,andaman and nicobar,0.0,0.0,0.0
maharashtra,andhra pradesh,235333483666.66666,84173079333.41743,-151160404333.2492
maharashtra,arunachal pradesh,0.0,0.0,0.0
maharashtra,assam,40105601000.0,14318240349.761976,-25787360650.238026
maharashtra,bihar,0.0,0.0,0.0
maharashtra,chandigarh,1638570666.6666667,597190992.485031,-1041379674.1816359
maharashtra,chhattisgarh,697666666.6666666,385692116.87511545,-311974549.7915512
maharashtra,dadra and nagar haveli,0.0,0.0,0.0
maharashtra,daman and diu,0.0,0.0,0.0
maharashtra,delhi,0.0,0.0,0.0
maharashtra,goa,10960860000.0,5016065108.702837,-5944794891.297163
maharashtra,gujarat,14690698666.666668,6040366040.966293,-8650332625.700375
maharashtra,haryana,42033187900.0,20395618105.242588,-21637569794.757412
maharashtra,himachal pradesh,0.0,0.0,0.0
maharashtra,jammu and kashmir,617166666.6666667,341189180.31260216,-275977486.3540646
maharashtra,jharkhand,6174820000.0,2182651859.7207017,-3992168140.2792983
maharashtra,karnataka,9433331666.666666,4708550236.995256,-4724781429.67141
maharashtra,kerala,26942462166.666664,11967286624.871578,-14975175541.79509
maharashtra,lakshadeep,0.0,0.0,0.0
maharashtra,madhya pradesh,10919748933.333332,5882775322.300658,-5036973611.032674
maharashtra,manipur,0.0,0.0,0.0
maharashtra,meghalaya,0.0,0.0,0.0
maharashtra,mizoram,0.0,0.0,0.0
maharashtra,nagaland,389226666.6666666,137582359.94780248,-251644306.71886414
maharashtra,odisha,0.0,0.0,0.0
maharashtra,puducherry,0.0,0.0,0.0
maharashtra,punjab,65384368366.666664,28497548109.614338,-36886820257.05232
maharashtra,rajasthan,1626121466.6666667,898971186.0125191,-727150280.6541476
maharashtra,sikkim,0.0,0.0,0.0
maharashtra,tamil nadu,27925859166.666664,14923427622.059162,-13002431544.607504
maharashtra,telangana,712103000.0,393672976.83199286,-318430023.16800714
maharashtra,tripura,0.0,0.0,0.0
maharashtra,uttar pradesh,2349723333.333333,1236866431.827198,-1112856901.5061352
maharashtra,uttarakhand,0.0,0.0,0.0
maharashtra,west bengal,10880843333.333334,3846119066.9249635,-7034724266.408371
manipur,andaman and nicobar,0.0,0.0,0.0
manipur,andhra pradesh,0.0,0.0,0.0
manipur,arunachal pradesh,0.0,0.0,0.0
manipur,assam,1048420000.0,994350896.0578556,-54069103.942144394
manipur,bihar,0.0,0.0,0.0
manipur,chandigarh,0.0,0.0,0.0
manipur,chhattisgarh,0.0,0.0,0.0
manipur,dadra and nagar haveli,0.0,0.0,0.0
manipur,daman and diu,0.0,0.0,0.0
manipur,delhi,0.0,0.0,0.0
manipur,goa,0.0,0.0,0.0
manipur,gujarat,0.0,0.0,0.0
manipur,haryana,543226333.3333334,515211071.2426541,-28015262.090679288
manipur,himachal pradesh,0.0,0.0,0.0
manipur,jammu and kashmir,0.0,0.0,0.0
manipur,jharkhand,0.0,0.0,0.0
manipur,karnataka,0.0,0.0,0.0
manipur,kerala,0.0,0.0,0.0
manipur,lakshadeep,0.0,0.0,0.0
manipur,madhya pradesh,0.0,0.0,0.0
manipur,maharashtra,0.0,0.0,0.0
manipur,meghalaya,0.0,0.0,0.0
manipur,mizoram,0.0,0.0,0.0
manipur,nagaland,0.0,0.0,0.0
manipur,odisha,0.0,0.0,0.0
manipur,puducherry,0.0,0.0,0.0
manipur,punjab,2352121666.6666665,2230818075.663471,-121303591.00319529
manipur,rajasthan,0.0,0.0,0.0
manipur,sikkim,0.0,0.0,0.0
manipur,tamil nadu,0.0,0.0,0.0
manipur,telangana,0.0,0.0,0.0
manipur,tripura,0.0,0.0,0.0
manipur,uttar pradesh,0.0,0.0,0.0
manipur,uttarakhand,0.0,0.0,0.0
manipur,west bengal,0.0,0.0,0.0
meghalaya,andaman and nicobar,0.0,0.0,0.0
meghalaya,andhra pradesh,0.0,0.0,0.0
meghalaya,arunachal pradesh,0.0,0.0,0.0
meghalaya,assam,0.0,0.0,0.0
meghalaya,bihar,0.0,0.0,0.0
meghalaya,chandigarh,0.0,0.0,0.0
meghalaya,chhattisgarh,0.0,0.0,0.0
meghalaya,dadra and nagar haveli,0.0,0.0,0.0
meghalaya,daman and diu,0.0,0.0,0.0
meghalaya,delhi,0.0,0.0,0.0
meghalaya,goa,0.0,0.0,0.0
meghalaya,gujarat,0.0,0.0,0.0
meghalaya,haryana,0.0,0.0,0.0
meghalaya,himachal pradesh,0.0,0.0,0.0
meghalaya,jammu and kashmir,0.0,0.0,0.0
meghalaya,jharkhand,0.0,0.0,0.0
meghalaya,karnataka,0.0,0.0,0.0
meghalaya,kerala,0.0,0.0,0.0
meghalaya,lakshadeep,0.0,0.0,0.0
meghalaya,madhya pradesh,0.0,0.0,0.0
meghalaya,maharashtra,0.0,0.0,0.0
meghalaya,manipur,0.0,0.0,0.0
meghalaya,mizoram,0.0,0.0,0.0
meghalaya,nagaland,0.0,0.0,0.0
meghalaya,odisha,0.0,0.0,0.0
meghalaya,puducherry,0.0,0.0,0.0
meghalaya,punjab,0.0,0.0,0.0
meghalaya,rajasthan,0.0,0.0,0.0
meghalaya,sikkim,0.0,0.0,0.0
meghalaya,tamil nadu,0.0,0.0,0.0
meghalaya,telangana,0.0,0.0,0.0
meghalaya,tripura,0.0,0.0,0.0
meghalaya,uttar pradesh,0.0,0.0,0.0
meghalaya,uttarakhand,0.0,0.0,0.0
meghalaya,west bengal,0.0,0.0,0.0
mizoram,andaman and nicobar,0.0,0.0,0.0
mizoram,andhra pradesh,0.0,0.0,0.0
mizoram,arunachal pradesh,0.0,0.0,0.0
mizoram,assam,0.0,0.0,0.0
mizoram,bihar,0.0,0.0,0.0
mizoram,chandigarh,0.0,0.0,0.0
mizoram,chhattisgarh,0.0,0.0,0.0
mizoram,dadra and nagar haveli,0.0,0.0,0.0
mizoram,daman and diu,0.0,0.0,0.0
mizoram,delhi,0.0,0.0,0.0
mizoram,goa,0.0,0.0,0.0
mizoram,gujarat,0.0,0.0,0.0
mizoram,haryana,438058000.0,263444680.3156729,-174613319.6843271
mizoram,himachal pradesh,0.0,0.0,0.0
mizoram,jammu and kashmir,0.0,0.0,0.0
mizoram,jharkhand,0.0,0.0,0.0
mizoram,karnataka,0.0,0.0,0.0
mizoram,kerala,0.0,0.0,0.0
mizoram,lakshadeep,0.0,0.0,0.0
mizoram,madhya pradesh,0.0,0.0,0.0
mizoram,maharashtra,0.0,0.0,0.0
mizoram,manipur,0.0,0.0,0.0
mizoram,meghalaya,0.0,0.0,0.0
mizoram,nagaland,0.0,0.0,0.0
mizoram,odisha,0.0,0.0,0.0
mizoram,puducherry,0.0,0.0,0.0
mizoram,punjab,2089885000.0000002,1233280070.894006,-856604929.1059941
mizoram,rajasthan,0.0,0.0,0.0
mizoram,sikkim,0.0,0.0,0.0
mizoram,tamil nadu,0.0,0.0,0.0
mizoram,telangana,0.0,0.0,0.0
mizoram,tripura,0.0,0.0,0.0
mizoram,uttar pradesh,0.0,0.0,0.0
mizoram,uttarakhand,0.0,0.0,0.0
mizoram,west bengal,0.0,0.0,0.0
nagaland,andaman and nicobar,0.0,0.0,0.0
nagaland,andhra pradesh,389404666.6666666,369239514.92043,-20165151.746236622
nagaland,arunachal pradesh,0.0,0.0,0.0
nagaland,assam,15227217000.0,14505196492.964336,-722020507.0356629
nagaland,bihar,95119800583.33333,90196267171.69263,-4923533411.640713
nagaland,chandigarh,0.0,0.0,0.0
nagaland,chhattisgarh,0.0,0.0,0.0
nagaland,dadra and nagar haveli,0.0,0.0,0.0
nagaland,daman and diu,0.0,0.0,0.0
nagaland,delhi,128803766.66666667,122133719.48270845,-6670047.1839582175
nagaland,goa,0.0,0.0,0.0
nagaland,gujarat,0.0,0.0,0.0
nagaland,haryana,2341297833.3333335,2225081102.131876,-116216731.20145729
nagaland,himachal pradesh,3933147333.333333,3729471004.808835,-203676328.524498
nagaland,jammu and kashmir,0.0,0.0,0.0
nagaland,jharkhand,140405569333.33334,133134727830.94571,-7270841502.387634
nagaland,karnataka,4592283000.0,4376594951.9506645,-215688048.049335
nagaland,kerala,0.0,0.0,0.0
nagaland,lakshadeep,0.0,0.0,0.0
nagaland,madhya pradesh,0.0,0.0,0.0
nagaland,maharashtra,0.0,0.0,0.0
nagaland,manipur,0.0,0.0,0.0
nagaland,meghalaya,0.0,0.0,0.0
nagaland,mizoram,0.0,0.0,0.0
nagaland,odisha,58361426666.66666,57155476506.47383,-1205950160.1928253
nagaland,puducherry,0.0,0.0,0.0
nagaland,punjab,4120209966.666666,3915687699.097883,-204522267.5687827
nagaland,rajasthan,82472786666.66666,80768611906.50746,-1704174760.159195
nagaland,sikkim,0.0,0.0,0.0
nagaland,tamil nadu,29218986666.666668,27910589535.77665,-1308397130.8900185
nagaland,telangana,157174000.0,149034812.589398,-8139187.410602003
nagaland,tripura,0.0,0.0,0.0
nagaland,uttar pradesh,3404470666.6666665,3324314676.5971494,-80155990.06951725
nagaland,uttarakhand,158420000.0,150216289.01989153,-8203710.98010847
nagaland,west bengal,49095871666.66667,47065919967.66148,-2029951699.005188
odisha,andaman and nicobar,0.0,0.0,0.0
odisha,andhra pradesh,1498550000.0,777871199.0605764,-720678800.9394236
odisha,arunachal pradesh,0.0,0.0,0.0
odisha,assam,3432433333.333333,3385993142.637648,-46440190.69568491
odisha,bihar,328449412666.6666,323938900445.172,-4510512221.494649
odisha,chandigarh,0.0,0.0,0.0
odisha,chhattisgarh,0.0,0.0,0.0
odisha,dadra and nagar haveli,0.0,0.0,0.0
odisha,daman and diu,0.0,0.0,0.0
odisha,delhi,71081500.0,0.0,-71081500.0
odisha,goa,0.0,0.0,0.0
odisha,gujarat,713230000.0,0.0,-713230000.0
odisha,haryana,4145401166.6666665,0.0,-4145401166.6666665
odisha,himachal pradesh,6267676666.666666,6182876155.964183,-84800510.70248318
odisha,jammu and kashmir,1581352000.0,1559956598.7481174,-21395401.251882553
odisha,jharkhand,1544094464000.0,1523203150346.8157,-20891313653.184326
odisha,karnataka,55545167000.0,54793651122.72041,-751515877.2795868
odisha,kerala,7763766666.666666,7658724333.865795,-105042332.8008709
odisha,lakshadeep,0.0,0.0,0.0
odisha,madhya pradesh,3268804466.666667,0.0,-3268804466.666667
odisha,maharashtra,1372525000.0,0.0,-1372525000.0
odisha,manipur,0.0,0.0,0.0
odisha,meghalaya,0.0,0.0,0.0
odisha,mizoram,0.0,0.0,0.0
odisha,nagaland,0.0,0.0,0.0
odisha,puducherry,0.0,0.0,0.0
odisha,punjab,6493345100.0,776993240.5966253,-5716351859.403375
odisha,rajasthan,2306325000.0,0.0,-2306325000.0
odisha,sikkim,0.0,0.0,0.0
odisha,tamil nadu,533344168333.3333,506996722747.52686,-26347445585.806435
odisha,telangana,0.0,0.0,0.0
odisha,tripura,0.0,0.0,0.0
odisha,uttar pradesh,23079054833.333332,0.0,-23079054833.333332
odisha,uttarakhand,0.0,0.0,0.0
odisha,west bengal,402262787833.3333,363301641401.33624,-38961146431.99707
puducherry,andaman and nicobar,0.0,0.0,0.0
puducherry,andhra pradesh,0.0,0.0,0.0
puducherry,arunachal pradesh,0.0,0.0,0.0
puducherry,assam,0.0,0.0,0.0
puducherry,bihar,0.0,0.0,0.0
puducherry,chandigarh,0.0,0.0,0.0
puducherry,chhattisgarh,0.0,0.0,0.0
puducherry,dadra and nagar haveli,0.0,0.0,0.0
puducherry,daman and diu,0.0,0.0,0.0
puducherry,delhi,0.0,0.0,0.0
puducherry,goa,0.0,0.0,0.0
puducherry,gujarat,0.0,0.0,0.0
puducherry,haryana,0.0,0.0,0.0
puducherry,himachal pradesh,0.0,0.0,0.0
puducherry,jammu and kashmir,0.0,0.0,0.0
puducherry,jharkhand,0.0,0.0,0.0
puducherry,karnataka,0.0,0.0,0.0
puducherry,kerala,0.0,0.0,0.0
puducherry,lakshadeep,0.0,0.0,0.0
puducherry,madhya pradesh,0.0,0.0,0.0
puducherry,maharashtra,0.0,0.0,0.0
puducherry,manipur,0.0,0.0,0.0
puducherry,meghalaya,0.0,0.0,0.0
puducherry,mizoram,0.0,0.0,0.0
puducherry,nagaland,0.0,0.0,0.0
puducherry,odisha,0.0,0.0,0.0
puducherry,punjab,0.0,0.0,0.0
puducherry,rajasthan,0.0,0.0,0.0
puducherry,sikkim,0.0,0.0,0.0
puducherry,tamil nadu,0.0,0.0,0.0
puducherry,telangana,0.0,0.0,0.0
puducherry,tripura,0.0,0.0,0.0
puducherry,uttar pradesh,0.0,0.0,0.0
puducherry,uttarakhand,0.0,0.0,0.0
puducherry,west bengal,0.0,0.0,0.0
punjab,andaman and nicobar,0.0,0.0,0.0
punjab,andhra pradesh,262841473333.33334,262847350445.13852,5877111.805172443
punjab,arunachal pradesh,6858340000.0,6909863348.77208,51523348.77208042
punjab,assam,3956241275333.333,3980308688484.282,24067413150.94922
punjab,bihar,5642451138833.334,5659756598762.762,17305459929.428223
punjab,chandigarh,965668614999.9999,971380162525.8129,5711547525.812988
punjab,chhattisgarh,112918691666.66667,112918691666.66667,0.0
punjab,dadra and nagar haveli,0.0,0.0,0.0
punjab,daman and diu,0.0,0.0,0.0
punjab,delhi,529548713333.3334,530227552063.1452,678838729.8118439
punjab,goa,107233746666.66667,107803385226.92294,569638560.2562714
punjab,gujarat,3455314412666.667,3462914673148.971,7600260482.304443
punjab,haryana,12410646666.666668,12411466832.44001,820165.7733422071
punjab,himachal pradesh,192545798333.3333,192663723907.78735,117925574.45403099
punjab,jammu and kashmir,1200353430333.3335,1206006751438.1462,5653321104.812866
punjab,jharkhand,296701683999.99994,296775984778.67303,74300778.67305183
punjab,karnataka,4497068729666.667,4524760745102.489,27692015435.822754
punjab,kerala,705674227500.0,707764185958.6719,2089958458.671875
punjab,lakshadeep,0.0,0.0,0.0
punjab,madhya pradesh,334338059333.3334,334731745590.67163,393686257.33828735
punjab,maharashtra,5270107541833.333,5289689766794.322,19582224960.989258
punjab,manipur,91698972333.33336,92384471121.24432,685498787.910965
punjab,meghalaya,0.0,0.0,0.0
punjab,mizoram,91639025000.0,92308226781.97508,669201781.9750824
punjab,nagaland,405965671666.6667,408537311478.18225,2571639811.515564
punjab,odisha,702325752500.0,702417432769.707,91680269.70708084
punjab,puducherry,0.0,0.0,0.0
punjab,rajasthan,588509449333.3333,588594066371.0597,84617037.72643852
punjab,sikkim,0.0,0.0,0.0
punjab,tamil nadu,1133099463333.3335,1137096841660.0054,3997378326.671997
punjab,telangana,4296285000.0,4296285000.0,0.0
punjab,tripura,239912092000.0,241502493280.77863,1590401280.7786255
punjab,uttar pradesh,5537626229500.0,5549799815236.683,12173585736.682373
punjab,uttarakhand,203862225000.0,204034818634.9277,172593634.92770386
punjab,west bengal,4768365208833.333,4769140515104.812,775306271.4785461
rajasthan,andaman and nicobar,0.0,0.0,0.0
rajasthan,andhra pradesh,80976801500.0,80976801500.0,0.0
rajasthan,arunachal pradesh,0.0,0.0,0.0
rajasthan,assam,709805854000.0,660327707776.5706,-49478146223.42944
rajasthan,bihar,550419231500.0,510646284858.99164,-39772946641.0083
rajasthan,chandigarh,2621346666.6666665,2431189027.100389,-190157639.5662775
rajasthan,chhattisgarh,542972500.0,542972500.0,0.0
rajasthan,dadra and nagar haveli,0.0,0.0,0.0
rajasthan,daman and diu,0.0,0.0,0.0
rajasthan,delhi,55750611000.0,55558688656.21864,-191922343.78135633
rajasthan,goa,16742383333.333332,15527857938.480133,-1214525394.853199
rajasthan,gujarat,297988206666.6666,282132855792.97986,-15855350873.686798
rajasthan,haryana,3265187333.3333335,3265187333.3333335,0.0
rajasthan,himachal pradesh,0.0,0.0,0.0
rajasthan,jammu and kashmir,105511602500.00002,98424679496.94292,-7086923003.057098
rajasthan,jharkhand,6734544333.333333,6400068322.226601,-334476011.1067319
rajasthan,karnataka,802497760166.6667,769076306807.473,-33421453359.193665
rajasthan,kerala,330406807666.6667,329321471532.82715,-1085336133.8395767
rajasthan,lakshadeep,0.0,0.0,0.0
rajasthan,madhya pradesh,17242604566.666668,16932640727.52304,-309963839.1436281
rajasthan,maharashtra,495643975166.6667,462011467487.50616,-33632507679.160522
rajasthan,manipur,0.0,0.0,0.0
rajasthan,meghalaya,0.0,0.0,0.0
rajasthan,mizoram,0.0,0.0,0.0
rajasthan,nagaland,68379283000.000015,63647357771.96534,-4731925228.034676
rajasthan,odisha,38802851500.0,38802851500.0,0.0
rajasthan,puducherry,0.0,0.0,0.0
rajasthan,punjab,7463316000.0,7463316000.0,0.0
rajasthan,sikkim,0.0,0.0,0.0
rajasthan,tamil nadu,1139410661666.6665,1126139096013.2522,-13271565653.414368
rajasthan,telangana,17838880500.0,17838880500.0,0.0
rajasthan,tripura,2550669333.333333,2550669333.333333,0.0
rajasthan,uttar pradesh,659349841500.0,612799333113.1511,-46550508386.84888
rajasthan,uttarakhand,4967467166.666666,4967467166.666666,0.0
rajasthan,west bengal,46720616000.0,45239598747.88682,-1481017252.113182
sikkim,andaman and nicobar,0.0,0.0,0.0
sikkim,andhra pradesh,0.0,0.0,0.0
sikkim,arunachal pradesh,0.0,0.0,0.0
sikkim,assam,0.0,0.0,0.0
sikkim,bihar,0.0,0.0,0.0
sikkim,chandigarh,0.0,0.0,0.0
sikkim,chhattisgarh,0.0,0.0,0.0
sikkim,dadra and nagar haveli,0.0,0.0,0.0
sikkim,daman and diu,0.0,0.0,0.0
sikkim,delhi,0.0,0.0,0.0
sikkim,goa,0.0,0.0,0.0
sikkim,gujarat,0.0,0.0,0.0
sikkim,haryana,0.0,0.0,0.0
sikkim,himachal pradesh,0.0,0.0,0.0
sikkim,jammu and kashmir,0.0,0.0,0.0
sikkim,jharkhand,0.0,0.0,0.0
sikkim,karnataka,0.0,0.0,0.0
sikkim,kerala,0.0,0.0,0.0
sikkim,lakshadeep,0.0,0.0,0.0
sikkim,madhya pradesh,0.0,0.0,0.0
sikkim,maharashtra,0.0,0.0,0.0
sikkim,manipur,0.0,0.0,0.0
sikkim,meghalaya,0.0,0.0,0.0
sikkim,mizoram,0.0,0.0,0.0
sikkim,nagaland,0.0,0.0,0.0
sikkim,odisha,0.0,0.0,0.0
sikkim,puducherry,0.0,0.0,0.0
sikkim,punjab,0.0,0.0,0.0
sikkim,rajasthan,0.0,0.0,0.0
sikkim,tamil nadu,0.0,0.0,0.0
sikkim,telangana,0.0,0.0,0.0
sikkim,tripura,0.0,0.0,0.0
sikkim,uttar pradesh,0.0,0.0,0.0
sikkim,uttarakhand,0.0,0.0,0.0
sikkim,west bengal,0.0,0.0,0.0
tamil nadu,andaman and nicobar,0.0,0.0,0.0
tamil nadu,andhra pradesh,12877008733.333332,310679716.13236904,-12566329017.200964
tamil nadu,arunachal pradesh,0.0,0.0,0.0
tamil nadu,assam,2845675000.0,0.0,-2845675000.0
tamil nadu,bihar,0.0,0.0,0.0
tamil nadu,chandigarh,0.0,0.0,0.0
tamil nadu,chhattisgarh,27553732500.0,1644779186.6866672,-25908953313.31333
tamil nadu,dadra and nagar haveli,0.0,0.0,0.0
tamil nadu,daman and diu,0.0,0.0,0.0
tamil nadu,delhi,0.0,0.0,0.0
tamil nadu,goa,0.0,0.0,0.0
tamil nadu,gujarat,0.0,0.0,0.0
tamil nadu,haryana,8050345666.666666,313273564.57803017,-7737072102.088636
tamil nadu,himachal pradesh,0.0,0.0,0.0
tamil nadu,jammu and kashmir,0.0,0.0,0.0
tamil nadu,jharkhand,0.0,0.0,0.0
tamil nadu,karnataka,35202104999.99999,58192025.61918639,-35143912974.380806
tamil nadu,kerala,4205361666.6666665,102500135.20506719,-4102861531.4615993
tamil nadu,lakshadeep,0.0,0.0,0.0
tamil nadu,madhya pradesh,8776523233.333334,0.0,-8776523233.333334
tamil nadu,maharashtra,0.0,0.0,0.0
tamil nadu,manipur,0.0,0.0,0.0
tamil nadu,meghalaya,0.0,0.0,0.0
tamil nadu,mizoram,0.0,0.0,0.0
tamil nadu,nagaland,0.0,0.0,0.0
tamil nadu,odisha,5203094266.666667,310590993.6587379,-4892503273.007929
tamil nadu,puducherry,70915133.33333334,0.0,-70915133.33333334
tamil nadu,punjab,17014444500.0,674460275.4599259,-16339984224.540073
tamil nadu,rajasthan,8123598466.666666,0.0,-8123598466.666666
tamil nadu,sikkim,0.0,0.0,0.0
tamil nadu,telangana,34610038166.66666,2065994885.7006757,-32544043280.96598
tamil nadu,tripura,0.0,0.0,0.0
tamil nadu,uttar pradesh,3079508933.3333325,2125089.188771262,-3077383844.1445613
tamil nadu,uttarakhand,0.0,0.0,0.0
tamil nadu,west bengal,0.0,0.0,0.0
telangana,andaman and nicobar,0.0,0.0,0.0
telangana,andhra pradesh,1632678300.0,1183974163.2260227,-448704136.7739773
telangana,arunachal pradesh,0.0,0.0,0.0
telangana,assam,398601333.3333334,289054910.63004285,-109546422.70329052
telangana,bihar,15237393333.333332,11049745697.960896,-4187647635.3724365
telangana,chandigarh,0.0,0.0,0.0
telangana,chhattisgarh,0.0,0.0,0.0
telangana,dadra and nagar haveli,0.0,0.0,0.0
telangana,daman and diu,0.0,0.0,0.0
telangana,delhi,0.0,0.0,0.0
telangana,goa,0.0,0.0,0.0
telangana,gujarat,69495650.0,0.0,-69495650.0
telangana,haryana,323341666.6666666,0.0,-323341666.6666666
telangana,himachal pradesh,0.0,0.0,0.0
telangana,jammu and kashmir,0.0,0.0,0.0
telangana,jharkhand,7115550000.0,5160004489.030647,-1955545510.9693527
telangana,karnataka,147574282000.0,107016879592.64914,-40557402407.35086
telangana,kerala,457648383333.3334,331874234935.82623,-125774148397.50714
telangana,lakshadeep,0.0,0.0,0.0
telangana,madhya pradesh,6750947350.0,0.0,-6750947350.0
telangana,maharashtra,0.0,0.0,0.0
telangana,manipur,0.0,0.0,0.0
telangana,meghalaya,0.0,0.0,0.0
telangana,mizoram,0.0,0.0,0.0
telangana,nagaland,2322306666.6666665,1684074010.4286804,-638232656.2379861
telangana,odisha,0.0,0.0,0.0
telangana,puducherry,0.0,0.0,0.0
telangana,punjab,0.0,0.0,0.0
telangana,rajasthan,658256550.0,0.0,-658256550.0
telangana,sikkim,0.0,0.0,0.0
telangana,tamil nadu,1406869458000.0,1020223695815.5186,-386645762184.48145
telangana,tripura,0.0,0.0,0.0
telangana,uttar pradesh,1189897333.3333335,0.0,-1189897333.3333335
telangana,uttarakhand,0.0,0.0,0.0
telangana,west bengal,157726512000.0,114379002320.1504,-43347509679.849594
tripura,andaman and nicobar,0.0,0.0,0.0
tripura,andhra pradesh,3155050000.0,3195277179.1686263,40227179.16862631
tripura,arunachal pradesh,0.0,0.0,0.0
tripura,assam,26059793333.333336,26392058107.431168,332264774.0978317
tripura,bihar,5500200000.0,5570328058.46604,70128058.46603966
tripura,chandigarh,1659553333.3333335,1680712791.7507565,21159458.41742301
tripura,chhattisgarh,747896666.6666667,757432418.3059809,9535751.639314175
tripura,dadra and nagar haveli,0.0,0.0,0.0
tripura,daman and diu,0.0,0.0,0.0
tripura,delhi,0.0,0.0,0.0
tripura,goa,0.0,0.0,0.0
tripura,gujarat,0.0,0.0,0.0
tripura,haryana,1924676166.6666665,1732600367.5704482,-192075799.09621835
tripura,himachal pradesh,0.0,0.0,0.0
tripura,jammu and kashmir,0.0,0.0,0.0
tripura,jharkhand,0.0,0.0,0.0
tripura,karnataka,0.0,0.0,0.0
tripura,kerala,0.0,0.0,0.0
tripura,lakshadeep,0.0,0.0,0.0
tripura,madhya pradesh,0.0,0.0,0.0
tripura,maharashtra,0.0,0.0,0.0
tripura,manipur,0.0,0.0,0.0
tripura,meghalaya,0.0,0.0,0.0
tripura,mizoram,0.0,0.0,0.0
tripura,nagaland,0.0,0.0,0.0
tripura,odisha,0.0,0.0,0.0
tripura,puducherry,0.0,0.0,0.0
tripura,punjab,6602457533.333333,5616714409.541906,-985743123.7914263
tripura,rajasthan,0.0,0.0,0.0
tripura,sikkim,0.0,0.0,0.0
tripura,tamil nadu,19527490000.0,19776467302.718994,248977302.71899414
tripura,telangana,0.0,0.0,0.0
tripura,uttar pradesh,670954500.0,318265831.30167615,-352688668.69832385
tripura,uttarakhand,0.0,0.0,0.0
tripura,west bengal,0.0,0.0,0.0
uttar pradesh,andaman and nicobar,0.0,0.0,0.0
uttar pradesh,andhra pradesh,324848942333.3333,308029933135.922,-16819009197.411358
uttar pradesh,arunachal pradesh,714035000.0,671531579.8851932,-42503420.11480677
uttar pradesh,assam,716979169333.3333,690619775733.6431,-26359393599.690216
uttar pradesh,bihar,215882350166.66666,216733641445.02917,851291278.3625107
uttar pradesh,chandigarh,9587900833.333334,9037458535.919537,-550442297.4137969
uttar pradesh,chhattisgarh,4702463333.333333,4796409075.852749,93945742.51941586
uttar pradesh,dadra and nagar haveli,0.0,0.0,0.0
uttar pradesh,daman and diu,0.0,0.0,0.0
uttar pradesh,delhi,11554379666.666666,10866597340.676601,-687782325.9900646
uttar pradesh,goa,22705830000.0,21354249991.25339,-1351580008.7466087
uttar pradesh,gujarat,602107122500.0,571307387313.126,-30799735186.873985
uttar pradesh,haryana,23211335050.0,22817947532.7922,-393387517.2077999
uttar pradesh,himachal pradesh,1406335000.0,1322621950.4615924,-83713049.53840756
uttar pradesh,jammu and kashmir,73649986666.66666,69265921004.97884,-4384065661.68782
uttar pradesh,jharkhand,3170358333.3333335,2981640592.3876576,-188717740.94567585
uttar pradesh,karnataka,1032359621166.6667,971050053022.9545,-61309568143.712204
uttar pradesh,kerala,154236021666.66666,147458439686.67413,-6777581979.992531
uttar pradesh,lakshadeep,0.0,0.0,0.0
uttar pradesh,madhya pradesh,2622292866.6666665,2466199096.22685,-156093770.43981647
uttar pradesh,maharashtra,75259866666.66666,71214781329.47087,-4045085337.1957865
uttar pradesh,manipur,4008560000.0,4088642952.0485997,80082952.04859972
uttar pradesh,meghalaya,0.0,0.0,0.0
uttar pradesh,mizoram,950520000.0,969509474.4200498,18989474.420049787
uttar pradesh,nagaland,98807243333.33334,95687417014.16116,-3119826319.172188
uttar pradesh,odisha,417723078833.3334,392868252865.21564,-24854825968.11772
uttar pradesh,puducherry,0.0,0.0,0.0
uttar pradesh,punjab,169288934483.33334,160957436519.91504,-8331497963.418312
uttar pradesh,rajasthan,2369141833.333333,2228117050.7194133,-141024782.61391973
uttar pradesh,sikkim,0.0,0.0,0.0
uttar pradesh,tamil nadu,595798516166.6666,560334642102.2506,-35463874064.41605
uttar pradesh,telangana,10684496666.666666,10048494719.229094,-636001947.4375725
uttar pradesh,tripura,91436832333.33333,90328473957.67094,-1108358375.662384
uttar pradesh,uttarakhand,714035000.0,671531579.8851932,-42503420.11480677
uttar pradesh,west bengal,408323278000.0,384751532000.0587,-23571745999.941284
uttarakhand,andaman and nicobar,0.0,0.0,0.0
uttarakhand,andhra pradesh,787650000.0,639919448.6866915,-147730551.31330848
uttarakhand,arunachal pradesh,0.0,0.0,0.0
uttarakhand,assam,363653818333.3334,296264567092.19305,-67389251241.14032
uttarakhand,bihar,198440960000.0,166715625847.60464,-31725334152.39535
uttarakhand,chandigarh,18072636666.666668,14682957775.722998,-3389678890.9436703
uttarakhand,chhattisgarh,1535546666.6666665,1247541644.5959756,-288005022.0706909
uttarakhand,dadra and nagar haveli,0.0,0.0,0.0
uttarakhand,daman and diu,0.0,0.0,0.0
uttarakhand,delhi,1577080000.0,1281285043.0201325,-295794956.97986746
uttarakhand,goa,0.0,0.0,0.0
uttarakhand,gujarat,34059410000.0,27671273877.72994,-6388136122.2700615
uttarakhand,haryana,3014206500.0,2761348648.4828167,-252857851.51718307
uttarakhand,himachal pradesh,2346930000.0,1906743035.2393284,-440186964.7606716
uttarakhand,jammu and kashmir,1559873333.3333335,1267305635.1015532,-292567698.2317803
uttarakhand,jharkhand,0.0,0.0,0.0
uttarakhand,karnataka,27732103333.333336,22530708152.08408,-5201395181.249256
uttarakhand,kerala,7848613333.333334,6376538205.067839,-1472075128.2654953
uttarakhand,lakshadeep,0.0,0.0,0.0
uttarakhand,madhya pradesh,3275471333.333333,2691378022.1336513,-584093311.1996815
uttarakhand,maharashtra,1570850000.0,1276223533.256509,-294626466.74349093
uttarakhand,manipur,2598800000.0,2111372644.2543945,-487427355.74560547
uttarakhand,meghalaya,0.0,0.0,0.0
uttarakhand,mizoram,2087050000.0,1695605770.8138885,-391444229.18611145
uttarakhand,nagaland,35747076666.66668,29132903064.367275,-6614173602.299403
uttarakhand,odisha,0.0,0.0,0.0
uttarakhand,puducherry,0.0,0.0,0.0
uttarakhand,punjab,788540000.0,640642521.5100663,-147897478.48993373
uttarakhand,rajasthan,2367993333.3333335,1923855758.7258651,-444137574.60746837
uttarakhand,sikkim,0.0,0.0,0.0
uttarakhand,tamil nadu,16102693333.333332,13834646265.960594,-2268047067.372738
uttarakhand,telangana,0.0,0.0,0.0
uttarakhand,tripura,23782876666.666664,19322193010.495667,-4460683656.170998
uttarakhand,uttar pradesh,3174926666.666667,2579441785.2523437,-595484881.4143233
uttarakhand,west bengal,1486265000.0,1353811724.3067603,-132453275.69323981
west bengal,andaman and nicobar,0.0,0.0,0.0
west bengal,andhra pradesh,6875665333.333334,5258163986.211287,-1617501347.1220474
west bengal,arunachal pradesh,785870000.0,600993959.3497565,-184876040.65024352
west bengal,assam,70779969666.66666,91063339585.82791,20283369919.161255
west bengal,bihar,127798630333.33333,101270695251.23773,-26527935082.0956
west bengal,chandigarh,70759500.0,309698722.6903529,238939222.69035292
west bengal,chhattisgarh,3457190166.666667,2643885638.197214,-813304528.4694529
west bengal,dadra and nagar haveli,0.0,0.0,0.0
west bengal,daman and diu,0.0,0.0,0.0
west bengal,delhi,0.0,0.0,0.0
west bengal,goa,0.0,0.0,0.0
west bengal,gujarat,0.0,0.0,0.0
west bengal,haryana,15521207500.0,67074253353.916565,51553045853.916565
west bengal,himachal pradesh,0.0,0.0,0.0
west bengal,jammu and kashmir,0.0,0.0,0.0
west bengal,jharkhand,26462205666.666664,22813175484.955353,-3649030181.7113113
west bengal,karnataka,0.0,0.0,0.0
west bengal,kerala,0.0,0.0,0.0
west bengal,lakshadeep,0.0,0.0,0.0
west bengal,madhya pradesh,4233940500.0,14244748518.966654,10010808018.966652
west bengal,maharashtra,0.0,0.0,0.0
west bengal,manipur,0.0,0.0,0.0
west bengal,meghalaya,0.0,0.0,0.0
west bengal,mizoram,0.0,0.0,0.0
west bengal,nagaland,1558775666.6666665,1192073446.8144302,-366702219.8522363
west bengal,odisha,0.0,0.0,0.0
west bengal,puducherry,0.0,0.0,0.0
west bengal,punjab,65141610800.0,282806909521.6167,217665298721.61667
west bengal,rajasthan,0.0,0.0,0.0
west bengal,sikkim,0.0,0.0,0.0
west bengal,tamil nadu,10967286333.333334,31367430970.554955,20400144637.22162
west bengal,telangana,0.0,0.0,0.0
west bengal,tripura,10932607666.666668,16035056780.032104,5102449113.365438
west bengal,uttar pradesh,1494711333.3333333,3694863562.1525145,2200152228.8191814
west bengal,uttarakhand,0.0,0.0,0.0
